-- ============================================================
-- YOUTH FOOTBALL MANAGER - POPOLAMENTO DATI (v2.0)
-- Versione: 2.0 - 2026-06-27
--
-- CONVENZIONE: Nomi tabelle in INGLESE, campi in ITALIANO
--
-- ATTENZIONE: Questo script INSERISCE i dati!
--
-- CATEGORIE: nome = solo "Under 14", "Under 15", ecc.
--             tipo_campionato = "Elite", "Regionale", "Provinciale"
--
-- SQUADRE:
-- - ACP Annex - U16 Elite
-- - DF Academy - U15 Regionale
-- - SSD New Team - U15 Provinciale (22 giocatori)
-- - SSD New Team - U16 Elite (20 giocatori)
-- - SSD New Team - U17 Regionale (18 giocatori)
--
-- WORKSPACES:
-- 00000000-0000-0000-0000-000000000001 = ASD Green Academy
-- 22222222-2222-2222-2222-222222222222 = SSD New Team
-- 752eab50-73c1-495b-9e0e-8b851e9c9a99 = ACP Annex
-- ab1186e5-a884-4355-b684-28e32b8157c2 = DF Academy
-- ============================================================

-- ============================================================
-- 1. CATEGORIE GLOBALI (nome semplice, tipo in colonna dedicata)
-- ============================================================

INSERT INTO category (id, nome, tipo_campionato, anno_da, anno_a, descrizione) VALUES
    -- Under 14
    ('c0000001-0000-0000-0000-000000000001', 'Under 14', 'Provinciale', 2012, 2012, 'Ragazzi nati nel 2012'),
    ('c0000002-0000-0000-0000-000000000002', 'Under 14', 'Regionale', 2012, 2012, 'Ragazzi nati nel 2012'),
    ('c0000003-0000-0000-0000-000000000003', 'Under 14', 'Elite', 2012, 2012, 'Ragazzi nati nel 2012'),
    -- Under 15
    ('c0000004-0000-0000-0000-000000000004', 'Under 15', 'Provinciale', 2011, 2011, 'Ragazzi nati nel 2011'),
    ('c0000005-0000-0000-0000-000000000005', 'Under 15', 'Regionale', 2011, 2011, 'Ragazzi nati nel 2011'),
    ('c0000006-0000-0000-0000-000000000006', 'Under 15', 'Elite', 2011, 2011, 'Ragazzi nati nel 2011'),
    -- Under 16
    ('c0000007-0000-0000-0000-000000000007', 'Under 16', 'Provinciale', 2010, 2010, 'Ragazzi nati nel 2010'),
    ('c0000008-0000-0000-0000-000000000008', 'Under 16', 'Regionale', 2010, 2010, 'Ragazzi nati nel 2010'),
    ('c0000009-0000-0000-0000-000000000009', 'Under 16', 'Elite', 2010, 2010, 'Ragazzi nati nel 2010'),
    -- Under 17
    ('c0000010-0000-0000-0000-000000000010', 'Under 17', 'Provinciale', 2009, 2009, 'Ragazzi nati nel 2009'),
    ('c0000011-0000-0000-0000-000000000011', 'Under 17', 'Regionale', 2009, 2009, 'Ragazzi nati nel 2009'),
    ('c0000012-0000-0000-0000-000000000012', 'Under 17', 'Elite', 2009, 2009, 'Ragazzi nati nel 2009'),
    -- Under 18
    ('c0000013-0000-0000-0000-000000000013', 'Under 18', 'Provinciale', 2008, 2008, 'Ragazzi nati nel 2008'),
    ('c0000014-0000-0000-0000-000000000014', 'Under 18', 'Regionale', 2008, 2008, 'Ragazzi nati nel 2008'),
    -- Under 19
    ('c0000015-0000-0000-0000-000000000015', 'Under 19', 'Regionale', 2007, 2007, 'Ragazzi nati nel 2007'),
    ('c0000016-0000-0000-0000-000000000016', 'Under 19', 'Pro', 2006, 2006, 'Ragazzi nati nel 2006'),
    -- Juniores
    ('c0000017-0000-0000-0000-000000000017', 'Juniores', 'Provinciale', 2007, 2008, 'Giovani 2007-2008'),
    ('c0000018-0000-0000-0000-000000000018', 'Juniores', 'Regionale', 2007, 2008, 'Giovani 2007-2008'),
    -- Primavera
    ('c0000019-0000-0000-0000-000000000019', 'Primavera', 'Regionale', 2005, 2006, 'Giovani calciatori 2005-2006');

-- ============================================================
-- 2. COMPETIZIONI
-- ============================================================

INSERT INTO competition (id, nome, tipo, regione, descrizione) VALUES
    ('cc000001-0000-0000-0000-000000000001', 'Campionato Regionale Lazio', 'Campionato', 'Lazio', 'Campionato regionale FIGC'),
    ('cc000002-0000-0000-0000-000000000002', 'Coppa Lazio', 'Coppa', 'Lazio', 'Coppa regionale FIGC'),
    ('cc000003-0000-0000-0000-000000000003', 'Campionato Nazionale U19', 'Campionato', 'Nazionale', 'Campionato federale under 19'),
    ('cc000004-0000-0000-0000-000000000004', 'Torneo Friendlies', 'Amichevole', NULL, 'Partite amichevoli');

-- ============================================================
-- 3. STAGIONI 2025/26
-- ============================================================

INSERT INTO season (id, workspace_id, nome, data_inizio, data_fine, attiva, is_default) VALUES
    ('s0000001-0000-0000-0000-000000000001', '00000000-0000-0000-0000-000000000001', '2025/26', '2025-09-01', '2026-06-30', true, true),
    ('s0000002-0000-0000-0000-000000000002', '22222222-2222-2222-2222-222222222222', '2025/26', '2025-09-01', '2026-06-30', true, true),
    ('s0000003-0000-0000-0000-000000000003', '752eab50-73c1-495b-9e0e-8b851e9c9a99', '2025/26', '2025-09-01', '2026-06-30', true, true),
    ('s0000004-0000-0000-0000-000000000004', 'ab1186e5-a884-4355-b684-28e32b8157c2', '2025/26', '2025-09-01', '2026-06-30', true, true);

-- ============================================================
-- 4. FACILITY (impianti sportivi)
-- ============================================================

INSERT INTO facility (id, nome, indirizzo, citta, capienza, superficie, tipo, illuminazione) VALUES
    ('f0000001-0000-0000-0000-000000000001', 'Centro Sportivo SSD New Team', 'Via dello Sport 1', 'Roma', 200, 'Erba', 'Campo calcetto', true),
    ('f0000002-0000-0000-0000-000000000002', 'Stadio ACP Annex', 'Via Roma 100', 'Roma', 150, 'Sintetico', 'Campo calcetto', true),
    ('f0000003-0000-0000-0000-000000000003', 'Campo DF Academy', 'Via delle Rose 5', 'Roma', 180, 'Erba', 'Campo calcetto', true);

-- ============================================================
-- 5. STAFF
-- ============================================================

INSERT INTO staff (id, nome, cognome, ruolo, telefono, email) VALUES
    -- SSD New Team Staff
    ('st000001-0000-0000-0000-000000000001', 'Roberto', 'Bianchi', 'Allenatore', '3331111111', 'roberto.bianchi@ssdnewteam.it'),
    ('st000002-0000-0000-0000-000000000002', 'Marco', 'Verdi', 'Dirigente', '3332222222', 'marco.verdi@ssdnewteam.it'),
    ('st000003-0000-0000-0000-000000000003', 'Giuseppe', 'Rossi', 'Preparatore Atletico', '3333333333', 'giuseppe.rossi@ssdnewteam.it'),
    ('st000004-0000-0000-0000-000000000004', 'Sergio', 'Marino', 'Allenatore Portieri', '3334444444', 'sergio.marino@ssdnewteam.it'),
    -- DF Academy Staff
    ('st000005-0000-0000-0000-000000000005', 'Matteo', 'Urilli', 'Allenatore', '3335555555', 'matteo@urilli.it'),
    ('st000006-0000-0000-0000-000000000006', 'Paolo', 'Costa', 'Dirigente', '3336666666', 'paolo.costa@dfacademy.it'),
    -- ACP Annex Staff
    ('st000007-0000-0000-0000-000000000007', 'Francesco', 'Annese', 'Allenatore', '3337777777', 'staff@test.it'),
    ('st000008-0000-0000-0000-000000000008', 'Luigi', 'Ferrari', 'Dirigente', '3338888888', 'luigi.ferrari@acpannex.it');

-- ============================================================
-- 6. SQUADRE
-- ============================================================

-- ACP Annex - U16 Elite
INSERT INTO team (id, season_id, category_id, nome, colori_casa, colori_trasferta, venue_id, allenatore_id, dirigente_id, iscritta_competizione) VALUES
    ('t0000001-0000-0000-0000-000000000001', 's0000003-0000-0000-0000-000000000003', 'c0000009-0000-0000-0000-000000000009', 'ACP Annex', 'Blu', 'Bianco', 'f0000002-0000-0000-0000-000000000002', 'st000007-0000-0000-0000-000000000007', 'st000008-0000-0000-0000-000000000008', 'cc000001-0000-0000-0000-000000000001');

-- DF Academy - U15 Regionale
INSERT INTO team (id, season_id, category_id, nome, colori_casa, colori_trasferta, venue_id, allenatore_id, dirigente_id, iscritta_competizione) VALUES
    ('t0000002-0000-0000-0000-000000000002', 's0000004-0000-0000-0000-000000000004', 'c0000005-0000-0000-0000-000000000005', 'DF Academy', 'Rosso', 'Bianco', 'f0000003-0000-0000-0000-000000000003', 'st000005-0000-0000-0000-000000000005', 'st000006-0000-0000-0000-000000000006', 'cc000001-0000-0000-0000-000000000001');

-- SSD New Team - U15 Provinciale (22 giocatori)
INSERT INTO team (id, season_id, category_id, nome, colori_casa, colori_trasferta, venue_id, allenatore_id, dirigente_id, iscritta_competizione) VALUES
    ('t0000003-0000-0000-0000-000000000003', 's0000002-0000-0000-0000-000000000002', 'c0000004-0000-0000-0000-000000000004', 'SSD New Team', 'Verde', 'Bianco', 'f0000001-0000-0000-0000-000000000001', 'st000001-0000-0000-0000-000000000001', 'st000002-0000-0000-0000-000000000002', 'cc000001-0000-0000-0000-000000000001');

-- SSD New Team - U16 Elite (20 giocatori)
INSERT INTO team (id, season_id, category_id, nome, colori_casa, colori_trasferta, venue_id, allenatore_id, dirigente_id, iscritta_competizione) VALUES
    ('t0000004-0000-0000-0000-000000000004', 's0000002-0000-0000-0000-000000000002', 'c0000009-0000-0000-0000-000000000009', 'SSD New Team', 'Verde', 'Bianco', 'f0000001-0000-0000-0000-000000000001', 'st000001-0000-0000-0000-000000000001', 'st000002-0000-0000-0000-000000000002', 'cc000001-0000-0000-0000-000000000001');

-- SSD New Team - U17 Regionale (18 giocatori)
INSERT INTO team (id, season_id, category_id, nome, colori_casa, colori_trasferta, venue_id, allenatore_id, dirigente_id, iscritta_competizione) VALUES
    ('t0000005-0000-0000-0000-000000000005', 's0000002-0000-0000-0000-000000000002', 'c0000011-0000-0000-0000-000000000011', 'SSD New Team', 'Verde', 'Bianco', 'f0000001-0000-0000-0000-000000000001', 'st000001-0000-0000-0000-000000000001', 'st000002-0000-0000-0000-000000000002', 'cc000001-0000-0000-0000-000000000001');

-- ============================================================
-- 7. TEAM STAFF (assegnazione staff a squadre)
-- ============================================================

-- SSD New Team U15
INSERT INTO team_staff (team_id, staff_id, ruolo_squadra) VALUES
    ('t0000003-0000-0000-0000-000000000003', 'st000001-0000-0000-0000-000000000001', 'Capo Allenatore'),
    ('t0000003-0000-0000-0000-000000000003', 'st000002-0000-0000-0000-000000000002', 'Dirigente'),
    ('t0000003-0000-0000-0000-000000000003', 'st000003-0000-0000-0000-000000000003', 'Preparatore Atletico'),
    ('t0000003-0000-0000-0000-000000000003', 'st000004-0000-0000-0000-000000000004', 'Allenatore Portieri');

-- SSD New Team U16
INSERT INTO team_staff (team_id, staff_id, ruolo_squadra) VALUES
    ('t0000004-0000-0000-0000-000000000004', 'st000001-0000-0000-0000-000000000001', 'Capo Allenatore'),
    ('t0000004-0000-0000-0000-000000000004', 'st000002-0000-0000-0000-000000000002', 'Dirigente'),
    ('t0000004-0000-0000-0000-000000000004', 'st000003-0000-0000-0000-000000000003', 'Preparatore Atletico');

-- SSD New Team U17
INSERT INTO team_staff (team_id, staff_id, ruolo_squadra) VALUES
    ('t0000005-0000-0000-0000-000000000005', 'st000001-0000-0000-0000-000000000001', 'Capo Allenatore'),
    ('t0000005-0000-0000-0000-000000000005', 'st000002-0000-0000-0000-000000000002', 'Dirigente'),
    ('t0000005-0000-0000-0000-000000000005', 'st000003-0000-0000-0000-000000000003', 'Preparatore Atletico');

-- DF Academy
INSERT INTO team_staff (team_id, staff_id, ruolo_squadra) VALUES
    ('t0000002-0000-0000-0000-000000000002', 'st000005-0000-0000-0000-000000000005', 'Capo Allenatore'),
    ('t0000002-0000-0000-0000-000000000002', 'st000006-0000-0000-0000-000000000006', 'Dirigente');

-- ACP Annex
INSERT INTO team_staff (team_id, staff_id, ruolo_squadra) VALUES
    ('t0000001-0000-0000-0000-000000000001', 'st000007-0000-0000-0000-000000000007', 'Capo Allenatore'),
    ('t0000001-0000-0000-0000-000000000001', 'st000008-0000-0000-0000-000000000008', 'Dirigente');

-- ============================================================
-- 8. PLAYERS SSD New Team U15 (22 giocatori - nati 2011)
-- ============================================================

INSERT INTO player (id, nome, cognome, data_nascita, telefono, sesso) VALUES
    ('pU15-0001-0000-0000-000000000001', 'Lorenzo', 'Rossi', '2011-03-15', '3331111111', 'M'),
    ('pU15-0002-0000-0000-000000000002', 'Alessandro', 'Bianchi', '2011-07-22', '3332222222', 'M'),
    ('pU15-0003-0000-0000-000000000003', 'Matteo', 'Verdi', '2011-01-10', '3333333333', 'M'),
    ('pU15-0004-0000-0000-000000000004', 'Francesco', 'Russo', '2011-09-05', '3334444444', 'M'),
    ('pU15-0005-0000-0000-000000000005', 'Andrea', 'Ferrari', '2011-05-18', '3335555555', 'M'),
    ('pU15-0006-0000-0000-000000000006', 'Davide', 'Esposito', '2011-11-30', '3336666666', 'M'),
    ('pU15-0007-0000-0000-000000000007', 'Marco', 'Romano', '2011-02-14', '3337777777', 'M'),
    ('pU15-0008-0000-0000-000000000008', 'Luca', 'Marino', '2011-08-25', '3338888888', 'M'),
    ('pU15-0009-0000-0000-000000000009', 'Giovanni', 'Ricci', '2011-04-12', '3339999999', 'M'),
    ('pU15-0010-0000-0000-000000000010', 'Simone', 'Bruno', '2011-12-03', '3331010101', 'M'),
    ('pU15-0011-0000-0000-000000000011', 'Federico', 'Conti', '2011-06-28', '3331111112', 'M'),
    ('pU15-0012-0000-0000-000000000012', 'Nicolo''', 'Costa', '2011-10-17', '3331212121', 'M'),
    ('pU15-0013-0000-0000-000000000013', 'Gabriele', 'Giordano', '2011-03-08', '3331313131', 'M'),
    ('pU15-0014-0000-0000-000000000014', 'Filippo', 'Mancini', '2011-07-19', '3331414141', 'M'),
    ('pU15-0015-0000-0000-000000000015', 'Tommaso', 'Barbieri', '2011-01-25', '3331515151', 'M'),
    ('pU15-0016-0000-0000-000000000016', 'Edoardo', 'Moretti', '2011-09-12', '3331616161', 'M'),
    ('pU15-0017-0000-0000-000000000017', 'Antonio', 'Fontana', '2011-05-07', '3331717171', 'M'),
    ('pU15-0018-0000-0000-000000000018', 'Riccardo', 'Ferrara', '2011-11-21', '3331818181', 'M'),
    ('pU15-0019-0000-0000-000000000019', 'Stefano', 'Santoro', '2011-02-28', '3331919191', 'M'),
    ('pU15-0020-0000-0000-000000000020', 'Paolo', 'Rinaldi', '2011-08-03', '3332020202', 'M'),
    ('pU15-0021-0000-0000-000000000021', 'Michele', 'Mazza', '2011-04-15', '3332121212', 'M'),
    ('pU15-0022-0000-0000-000000000022', 'Daniele', 'Lombardi', '2011-12-09', '3332222223', 'M');

-- ============================================================
-- 9. PLAYERS SSD New Team U16 (20 giocatori - nati 2010)
-- ============================================================

INSERT INTO player (id, nome, cognome, data_nascita, telefono, sesso) VALUES
    ('pU16-0001-0000-0000-000000000001', 'Alessio', 'Colombo', '2010-02-15', '3341111111', 'M'),
    ('pU16-0002-0000-0000-000000000002', 'Mattia', 'Ferrero', '2010-05-22', '3342222222', 'M'),
    ('pU16-0003-0000-0000-000000000003', 'Lorenzo', 'De Luca', '2010-08-10', '3343333333', 'M'),
    ('pU16-0004-0000-0000-000000000004', 'Gabriele', 'Rizzo', '2010-01-05', '3344444444', 'M'),
    ('pU16-0005-0000-0000-000000000005', 'Federico', 'Caruso', '2010-06-18', '3345555555', 'M'),
    ('pU16-0006-0000-0000-000000000006', 'Nicolo''', 'Marchetti', '2010-11-30', '3346666666', 'M'),
    ('pU16-0007-0000-0000-000000000007', 'Christian', 'Pagano', '2010-03-14', '3347777777', 'M'),
    ('pU16-0008-0000-0000-000000000008', 'Samuele', 'Ferrara', '2010-09-25', '3348888888', 'M'),
    ('pU16-0009-0000-0000-000000000009', 'Diego', 'Santoro', '2010-04-12', '3349999999', 'M'),
    ('pU16-0010-0000-0000-000000000010', 'Alberto', 'Rinaldi', '2010-12-03', '3341010101', 'M'),
    ('pU16-0011-0000-0000-000000000011', 'Manuel', 'Ferraro', '2010-07-28', '3341111112', 'M'),
    ('pU16-0012-0000-0000-000000000012', 'Emanuele', 'Bruno', '2010-10-17', '3341212121', 'M'),
    ('pU16-0013-0000-0000-000000000013', 'Kevin', 'Ferrante', '2010-02-08', '3341313131', 'M'),
    ('pU16-0014-0000-0000-000000000014', 'Flavio', 'Carbone', '2010-05-19', '3341414141', 'M'),
    ('pU16-0015-0000-0000-000000000015', 'Giacomo', 'Gatto', '2010-01-25', '3341515151', 'M'),
    ('pU16-0016-0000-0000-000000000016', 'Mirko', 'Sorrentino', '2010-08-12', '3341616161', 'M'),
    ('pU16-0017-0000-0000-000000000017', 'Vincenzo', 'Grasso', '2010-04-07', '3341717171', 'M'),
    ('pU16-0018-0000-0000-000000000018', 'Fabio', 'Catalano', '2010-10-21', '3341818181', 'M'),
    ('pU16-0019-0000-0000-000000000019', 'Gianluca', 'Valentini', '2010-03-28', '3341919191', 'M'),
    ('pU16-0020-0000-0000-000000000020', 'Davide', 'Martini', '2010-07-03', '3342020202', 'M');

-- ============================================================
-- 10. PLAYERS SSD New Team U17 (18 giocatori - nati 2009)
-- ============================================================

INSERT INTO player (id, nome, cognome, data_nascita, telefono, sesso) VALUES
    ('pU17-0001-0000-0000-000000000001', 'Tommaso', 'Monti', '2009-03-15', '3351111111', 'M'),
    ('pU17-0002-0000-0000-000000000002', 'Alessandro', 'De Angelis', '2009-06-22', '3352222222', 'M'),
    ('pU17-0003-0000-0000-000000000003', 'Luca', 'Pellegrini', '2009-02-10', '3353333333', 'M'),
    ('pU17-0004-0000-0000-000000000004', 'Marco', 'Vitali', '2009-09-05', '3354444444', 'M'),
    ('pU17-0005-0000-0000-000000000005', 'Andrea', 'Benedetti', '2009-05-18', '3355555555', 'M'),
    ('pU17-0006-0000-0000-000000000006', 'Davide', 'Sabatini', '2009-11-30', '3356666666', 'M'),
    ('pU17-0007-0000-0000-000000000007', 'Filippo', 'Gentile', '2009-01-14', '3357777777', 'M'),
    ('pU17-0008-0000-0000-000000000008', 'Riccardo', 'Mazzini', '2009-07-25', '3358888888', 'M'),
    ('pU17-0009-0000-0000-000000000009', 'Simone', 'Battaglia', '2009-04-12', '3359999999', 'M'),
    ('pU17-0010-0000-0000-000000000010', 'Giovanni', 'Palmisano', '2009-12-03', '3351010101', 'M'),
    ('pU17-0011-0000-0000-000000000011', 'Francesco', 'Fabbri', '2009-08-28', '3351111112', 'M'),
    ('pU17-0012-0000-0000-000000000012', 'Matteo', 'Basile', '2009-10-17', '3351212121', 'M'),
    ('pU17-0013-0000-0000-000000000013', 'Stefano', 'Cortesi', '2009-03-08', '3351313131', 'M'),
    ('pU17-0014-0000-0000-000000000014', 'Paolo', 'Maffei', '2009-07-19', '3351414141', 'M'),
    ('pU17-0015-0000-0000-000000000015', 'Gabriele', 'Toscano', '2009-01-25', '3351515151', 'M'),
    ('pU17-0016-0000-0000-000000000016', 'Edoardo', 'Caputo', '2009-09-12', '3351616161', 'M'),
    ('pU17-0017-0000-0000-000000000017', 'Antonio', 'Santaniello', '2009-05-07', '3351717171', 'M'),
    ('pU17-0018-0000-0000-000000000018', 'Lorenzo', 'Di Carlo', '2009-11-21', '3351818181', 'M');

-- ============================================================
-- 11. TEAM PLAYERS - SSD New Team U15 (22 giocatori)
-- ============================================================

INSERT INTO team_player (team_id, player_id, numero_maglia, ruolo_preferito, is_primary, stato) VALUES
    ('t0000003-0000-0000-0000-000000000003', 'pU15-0001-0000-0000-000000000001', 1, 'Portiere', true, 'Attivo'),
    ('t0000003-0000-0000-0000-000000000003', 'pU15-0002-0000-0000-000000000002', 2, 'Difensore', true, 'Attivo'),
    ('t0000003-0000-0000-0000-000000000003', 'pU15-0003-0000-0000-000000000003', 3, 'Difensore', true, 'Attivo'),
    ('t0000003-0000-0000-0000-000000000003', 'pU15-0004-0000-0000-000000000004', 4, 'Difensore', true, 'Attivo'),
    ('t0000003-0000-0000-0000-000000000003', 'pU15-0005-0000-0000-000000000005', 5, 'Difensore', true, 'Attivo'),
    ('t0000003-0000-0000-0000-000000000003', 'pU15-0006-0000-0000-000000000006', 6, 'Centrocampista', true, 'Attivo'),
    ('t0000003-0000-0000-0000-000000000003', 'pU15-0007-0000-0000-000000000007', 7, 'Centrocampista', true, 'Attivo'),
    ('t0000003-0000-0000-0000-000000000003', 'pU15-0008-0000-0000-000000000008', 8, 'Centrocampista', true, 'Attivo'),
    ('t0000003-0000-0000-0000-000000000003', 'pU15-0009-0000-0000-000000000009', 9, 'Centrocampista', true, 'Attivo'),
    ('t0000003-0000-0000-0000-000000000003', 'pU15-0010-0000-0000-000000000010', 10, 'Centrocampista', true, 'Attivo'),
    ('t0000003-0000-0000-0000-000000000003', 'pU15-0011-0000-0000-000000000011', 11, 'Attaccante', true, 'Attivo'),
    ('t0000003-0000-0000-0000-000000000003', 'pU15-0012-0000-0000-000000000012', 12, 'Attaccante', true, 'Attivo'),
    ('t0000003-0000-0000-0000-000000000003', 'pU15-0013-0000-0000-000000000013', 13, 'Attaccante', true, 'Attivo'),
    ('t0000003-0000-0000-0000-000000000003', 'pU15-0014-0000-0000-000000000014', 14, 'Portiere', true, 'Attivo'),
    ('t0000003-0000-0000-0000-000000000003', 'pU15-0015-0000-0000-000000000015', 15, 'Difensore', true, 'Attivo'),
    ('t0000003-0000-0000-0000-000000000003', 'pU15-0016-0000-0000-000000000016', 16, 'Difensore', true, 'Attivo'),
    ('t0000003-0000-0000-0000-000000000003', 'pU15-0017-0000-0000-000000000017', 17, 'Centrocampista', true, 'Attivo'),
    ('t0000003-0000-0000-0000-000000000003', 'pU15-0018-0000-0000-000000000018', 18, 'Centrocampista', true, 'Attivo'),
    ('t0000003-0000-0000-0000-000000000003', 'pU15-0019-0000-0000-000000000019', 19, 'Attaccante', true, 'Attivo'),
    ('t0000003-0000-0000-0000-000000000003', 'pU15-0020-0000-0000-000000000020', 20, 'Attaccante', true, 'Attivo'),
    ('t0000003-0000-0000-0000-000000000003', 'pU15-0021-0000-0000-000000000021', 21, 'Difensore', true, 'Attivo'),
    ('t0000003-0000-0000-0000-000000000003', 'pU15-0022-0000-0000-000000000022', 22, 'Centrocampista', true, 'Attivo');

-- ============================================================
-- 12. TEAM PLAYERS - SSD New Team U16 (20 giocatori)
-- ============================================================

INSERT INTO team_player (team_id, player_id, numero_maglia, ruolo_preferito, is_primary, stato) VALUES
    ('t0000004-0000-0000-0000-000000000004', 'pU16-0001-0000-0000-000000000001', 1, 'Portiere', true, 'Attivo'),
    ('t0000004-0000-0000-0000-000000000004', 'pU16-0002-0000-0000-000000000002', 2, 'Difensore', true, 'Attivo'),
    ('t0000004-0000-0000-0000-000000000004', 'pU16-0003-0000-0000-000000000003', 3, 'Difensore', true, 'Attivo'),
    ('t0000004-0000-0000-0000-000000000004', 'pU16-0004-0000-0000-000000000004', 4, 'Difensore', true, 'Attivo'),
    ('t0000004-0000-0000-0000-000000000004', 'pU16-0005-0000-0000-000000000005', 5, 'Difensore', true, 'Attivo'),
    ('t0000004-0000-0000-0000-000000000004', 'pU16-0006-0000-0000-000000000006', 6, 'Centrocampista', true, 'Attivo'),
    ('t0000004-0000-0000-0000-000000000004', 'pU16-0007-0000-0000-000000000007', 7, 'Centrocampista', true, 'Attivo'),
    ('t0000004-0000-0000-0000-000000000004', 'pU16-0008-0000-0000-000000000008', 8, 'Centrocampista', true, 'Attivo'),
    ('t0000004-0000-0000-0000-000000000004', 'pU16-0009-0000-0000-000000000009', 9, 'Centrocampista', true, 'Attivo'),
    ('t0000004-0000-0000-0000-000000000004', 'pU16-0010-0000-0000-000000000010', 10, 'Centrocampista', true, 'Attivo'),
    ('t0000004-0000-0000-0000-000000000004', 'pU16-0011-0000-0000-000000000011', 11, 'Attaccante', true, 'Attivo'),
    ('t0000004-0000-0000-0000-000000000004', 'pU16-0012-0000-0000-000000000012', 12, 'Attaccante', true, 'Attivo'),
    ('t0000004-0000-0000-0000-000000000004', 'pU16-0013-0000-0000-000000000013', 13, 'Attaccante', true, 'Attivo'),
    ('t0000004-0000-0000-0000-000000000004', 'pU16-0014-0000-0000-000000000014', 14, 'Portiere', true, 'Attivo'),
    ('t0000004-0000-0000-0000-000000000004', 'pU16-0015-0000-0000-000000000015', 15, 'Difensore', true, 'Attivo'),
    ('t0000004-0000-0000-0000-000000000004', 'pU16-0016-0000-0000-000000000016', 16, 'Difensore', true, 'Attivo'),
    ('t0000004-0000-0000-0000-000000000004', 'pU16-0017-0000-0000-000000000017', 17, 'Centrocampista', true, 'Attivo'),
    ('t0000004-0000-0000-0000-000000000004', 'pU16-0018-0000-0000-000000000018', 18, 'Centrocampista', true, 'Attivo'),
    ('t0000004-0000-0000-0000-000000000004', 'pU16-0019-0000-0000-000000000019', 19, 'Attaccante', true, 'Attivo'),
    ('t0000004-0000-0000-0000-000000000004', 'pU16-0020-0000-0000-000000000020', 20, 'Attaccante', true, 'Attivo');

-- ============================================================
-- 13. TEAM PLAYERS - SSD New Team U17 (18 giocatori)
-- ============================================================

INSERT INTO team_player (team_id, player_id, numero_maglia, ruolo_preferito, is_primary, stato) VALUES
    ('t0000005-0000-0000-0000-000000000005', 'pU17-0001-0000-0000-000000000001', 1, 'Portiere', true, 'Attivo'),
    ('t0000005-0000-0000-0000-000000000005', 'pU17-0002-0000-0000-000000000002', 2, 'Difensore', true, 'Attivo'),
    ('t0000005-0000-0000-0000-000000000005', 'pU17-0003-0000-0000-000000000003', 3, 'Difensore', true, 'Attivo'),
    ('t0000005-0000-0000-0000-000000000005', 'pU17-0004-0000-0000-000000000004', 4, 'Difensore', true, 'Attivo'),
    ('t0000005-0000-0000-0000-000000000005', 'pU17-0005-0000-0000-000000000005', 5, 'Difensore', true, 'Attivo'),
    ('t0000005-0000-0000-0000-000000000005', 'pU17-0006-0000-0000-000000000006', 6, 'Centrocampista', true, 'Attivo'),
    ('t0000005-0000-0000-0000-000000000005', 'pU17-0007-0000-0000-000000000007', 7, 'Centrocampista', true, 'Attivo'),
    ('t0000005-0000-0000-0000-000000000005', 'pU17-0008-0000-0000-000000000008', 8, 'Centrocampista', true, 'Attivo'),
    ('t0000005-0000-0000-0000-000000000005', 'pU17-0009-0000-0000-000000000009', 9, 'Centrocampista', true, 'Attivo'),
    ('t0000005-0000-0000-0000-000000000005', 'pU17-0010-0000-0000-000000000010', 10, 'Centrocampista', true, 'Attivo'),
    ('t0000005-0000-0000-0000-000000000005', 'pU17-0011-0000-0000-000000000011', 11, 'Attaccante', true, 'Attivo'),
    ('t0000005-0000-0000-0000-000000000005', 'pU17-0012-0000-0000-000000000012', 12, 'Attaccante', true, 'Attivo'),
    ('t0000005-0000-0000-0000-000000000005', 'pU17-0013-0000-0000-000000000013', 13, 'Attaccante', true, 'Attivo'),
    ('t0000005-0000-0000-0000-000000000005', 'pU17-0014-0000-0000-000000000014', 14, 'Portiere', true, 'Attivo'),
    ('t0000005-0000-0000-0000-000000000005', 'pU17-0015-0000-0000-000000000015', 15, 'Difensore', true, 'Attivo'),
    ('t0000005-0000-0000-0000-000000000005', 'pU17-0016-0000-0000-000000000016', 16, 'Centrocampista', true, 'Attivo'),
    ('t0000005-0000-0000-0000-000000000005', 'pU17-0017-0000-0000-000000000017', 17, 'Attaccante', true, 'Attivo'),
    ('t0000005-0000-0000-0000-000000000005', 'pU17-0018-0000-0000-000000000018', 18, 'Attaccante', true, 'Attivo');

-- ============================================================
-- 14. PARTITE SSD New Team U15 (15 partite - 2025/26)
-- ============================================================

INSERT INTO match (team_id, competition_id, data_ora, avversario, luogo, giornata, stato) VALUES
    ('t0000003-0000-0000-0000-000000000003', 'cc000001-0000-0000-0000-000000000001', '2025-09-14 15:30:00', 'Real Roma', 'Casa', 1, 'Da disputare'),
    ('t0000003-0000-0000-0000-000000000003', 'cc000001-0000-0000-0000-000000000001', '2025-09-21 15:30:00', 'Lazio Academy', 'Trasferta', 2, 'Da disputare'),
    ('t0000003-0000-0000-0000-000000000003', 'cc000001-0000-0000-0000-000000000001', '2025-09-28 15:30:00', 'Roma FC Youth', 'Casa', 3, 'Da disputare'),
    ('t0000003-0000-0000-0000-000000000003', 'cc000001-0000-0000-0000-000000000001', '2025-10-05 15:00:00', 'Virtus Roma', 'Trasferta', 4, 'Da disputare'),
    ('t0000003-0000-0000-0000-000000000003', 'cc000001-0000-0000-0000-000000000001', '2025-10-12 15:00:00', 'Frosinone Youth', 'Casa', 5, 'Da disputare'),
    ('t0000003-0000-0000-0000-000000000003', 'cc000001-0000-0000-0000-000000000001', '2025-10-19 15:00:00', 'Torino Academy', 'Trasferta', 6, 'Da disputare'),
    ('t0000003-0000-0000-0000-000000000003', 'cc000001-0000-0000-0000-000000000001', '2025-10-26 14:30:00', 'Lazio Junior', 'Casa', 7, 'Da disputare'),
    ('t0000003-0000-0000-0000-000000000003', 'cc000001-0000-0000-0000-000000000001', '2025-11-02 14:30:00', 'Atalanta Youth', 'Trasferta', 8, 'Da disputare'),
    ('t0000003-0000-0000-0000-000000000003', 'cc000001-0000-0000-0000-000000000001', '2025-11-09 14:30:00', 'Napoli Academy', 'Casa', 9, 'Da disputare'),
    ('t0000003-0000-0000-0000-000000000003', 'cc000001-0000-0000-0000-000000000001', '2025-11-16 14:00:00', 'Milan Junior', 'Trasferta', 10, 'Da disputare'),
    ('t0000003-0000-0000-0000-000000000003', 'cc000001-0000-0000-0000-000000000001', '2025-11-23 14:00:00', 'Inter Campus', 'Casa', 11, 'Da disputare'),
    ('t0000003-0000-0000-0000-000000000003', 'cc000001-0000-0000-0000-000000000001', '2025-11-30 14:00:00', 'Juventus Youth', 'Trasferta', 12, 'Da disputare'),
    ('t0000003-0000-0000-0000-000000000003', 'cc000001-0000-0000-0000-000000000001', '2025-12-07 14:00:00', 'Fiorentina Academy', 'Casa', 13, 'Da disputare'),
    ('t0000003-0000-0000-0000-000000000003', 'cc000001-0000-0000-0000-000000000001', '2025-12-14 14:00:00', 'Sampdoria Youth', 'Trasferta', 14, 'Da disputare'),
    ('t0000003-0000-0000-0000-000000000003', 'cc000001-0000-0000-0000-000000000001', '2025-12-21 14:00:00', 'Genoa Academy', 'Casa', 15, 'Da disputare');

-- ============================================================
-- 15. PARTITE SSD New Team U16 (15 partite - 2025/26)
-- ============================================================

INSERT INTO match (team_id, competition_id, data_ora, avversario, luogo, giornata, stato) VALUES
    ('t0000004-0000-0000-0000-000000000004', 'cc000001-0000-0000-0000-000000000001', '2025-09-14 16:30:00', 'Catania Elite', 'Casa', 1, 'Da disputare'),
    ('t0000004-0000-0000-0000-000000000004', 'cc000001-0000-0000-0000-000000000001', '2025-09-21 16:30:00', 'Palermo Academy', 'Trasferta', 2, 'Da disputare'),
    ('t0000004-0000-0000-0000-000000000004', 'cc000001-0000-0000-0000-000000000001', '2025-09-28 16:30:00', 'Messina Youth', 'Casa', 3, 'Da disputare'),
    ('t0000004-0000-0000-0000-000000000004', 'cc000001-0000-0000-0000-000000000001', '2025-10-05 16:00:00', 'Catanzaro Elite', 'Trasferta', 4, 'Da disputare'),
    ('t0000004-0000-0000-0000-000000000004', 'cc000001-0000-0000-0000-000000000001', '2025-10-12 16:00:00', 'Reggina Academy', 'Casa', 5, 'Da disputare'),
    ('t0000004-0000-0000-0000-000000000004', 'cc000001-0000-0000-0000-000000000001', '2025-10-19 16:00:00', 'Salernitana Youth', 'Trasferta', 6, 'Da disputare'),
    ('t0000004-0000-0000-0000-000000000004', 'cc000001-0000-0000-0000-000000000001', '2025-10-26 15:30:00', 'Benevento Elite', 'Casa', 7, 'Da disputare'),
    ('t0000004-0000-0000-0000-000000000004', 'cc000001-0000-0000-0000-000000000001', '2025-11-02 15:30:00', 'Avellino Academy', 'Trasferta', 8, 'Da disputare'),
    ('t0000004-0000-0000-0000-000000000004', 'cc000001-0000-0000-0000-000000000001', '2025-11-09 15:30:00', 'Casertana Elite', 'Casa', 9, 'Da disputare'),
    ('t0000004-0000-0000-0000-000000000004', 'cc000001-0000-0000-0000-000000000001', '2025-11-16 15:00:00', 'Turris Academy', 'Trasferta', 10, 'Da disputare'),
    ('t0000004-0000-0000-0000-000000000004', 'cc000001-0000-0000-0000-000000000001', '2025-11-23 15:00:00', 'Giugliano Elite', 'Casa', 11, 'Da disputare'),
    ('t0000004-0000-0000-0000-000000000004', 'cc000001-0000-0000-0000-000000000001', '2025-11-30 15:00:00', 'Paganese Academy', 'Trasferta', 12, 'Da disputare'),
    ('t0000004-0000-0000-0000-000000000004', 'cc000001-0000-0000-0000-000000000001', '2025-12-07 15:00:00', 'Audax Cerignola', 'Casa', 13, 'Da disputare'),
    ('t0000004-0000-0000-0000-000000000004', 'cc000001-0000-0000-0000-000000000001', '2025-12-14 15:00:00', 'Bari Elite', 'Trasferta', 14, 'Da disputare'),
    ('t0000004-0000-0000-0000-000000000004', 'cc000001-0000-0000-0000-000000000001', '2025-12-21 15:00:00', 'Foggia Academy', 'Casa', 15, 'Da disputare');

-- ============================================================
-- 16. PARTITE SSD New Team U17 (15 partite - 2025/26)
-- ============================================================

INSERT INTO match (team_id, competition_id, data_ora, avversario, luogo, giornata, stato) VALUES
    ('t0000005-0000-0000-0000-000000000005', 'cc000001-0000-0000-0000-000000000001', '2025-09-14 17:30:00', 'Crotone Regionale', 'Casa', 1, 'Da disputare'),
    ('t0000005-0000-0000-0000-000000000005', 'cc000001-0000-0000-0000-000000000001', '2025-09-21 17:30:00', 'Cosenza Academy', 'Trasferta', 2, 'Da disputare'),
    ('t0000005-0000-0000-0000-000000000005', 'cc000001-0000-0000-0000-000000000001', '2025-09-28 17:30:00', 'Potenza Youth', 'Casa', 3, 'Da disputare'),
    ('t0000005-0000-0000-0000-000000000005', 'cc000001-0000-0000-0000-000000000001', '2025-10-05 17:00:00', 'Monopoli Regionale', 'Trasferta', 4, 'Da disputare'),
    ('t0000005-0000-0000-0000-000000000005', 'cc000001-0000-0000-0000-000000000001', '2025-10-12 17:00:00', 'Barletta Academy', 'Casa', 5, 'Da disputare'),
    ('t0000005-0000-0000-0000-000000000005', 'cc000001-0000-0000-0000-000000000001', '2025-10-19 17:00:00', 'Andria United', 'Trasferta', 6, 'Da disputare'),
    ('t0000005-0000-0000-0000-000000000005', 'cc000001-0000-0000-0000-000000000001', '2025-10-26 16:30:00', 'Cerignola U17', 'Casa', 7, 'Da disputare'),
    ('t0000005-0000-0000-0000-000000000005', 'cc000001-0000-0000-0000-000000000001', '2025-11-02 16:30:00', 'Altamura Academy', 'Trasferta', 8, 'Da disputare'),
    ('t0000005-0000-0000-0000-000000000005', 'cc000001-0000-0000-0000-000000000001', '2025-11-09 16:30:00', 'Trani Regionale', 'Casa', 9, 'Da disputare'),
    ('t0000005-0000-0000-0000-000000000005', 'cc000001-0000-0000-0000-000000000001', '2025-11-16 16:00:00', 'Fasano U17', 'Trasferta', 10, 'Da disputare'),
    ('t0000005-0000-0000-0000-000000000005', 'cc000001-0000-0000-0000-000000000001', '2025-11-23 16:00:00', 'Brindisi Academy', 'Casa', 11, 'Da disputare'),
    ('t0000005-0000-0000-0000-000000000005', 'cc000001-0000-0000-0000-000000000001', '2025-11-30 16:00:00', 'Lecce Youth', 'Trasferta', 12, 'Da disputare'),
    ('t0000005-0000-0000-0000-000000000005', 'cc000001-0000-0000-0000-000000000001', '2025-12-07 16:00:00', 'Taranto Regionale', 'Casa', 13, 'Da disputare'),
    ('t0000005-0000-0000-0000-000000000005', 'cc000001-0000-0000-0000-000000000001', '2025-12-14 16:00:00', 'Gallipoli Academy', 'Trasferta', 14, 'Da disputare'),
    ('t0000005-0000-0000-0000-000000000005', 'cc000001-0000-0000-0000-000000000001', '2025-12-21 16:00:00', 'Brindisi U17', 'Casa', 15, 'Da disputare');

-- ============================================================
-- VERIFICA
-- ============================================================

SELECT 'Popolamento completato!' AS status;

SELECT 'Categorie:' AS info, COUNT(*) AS count FROM category;
SELECT 'Competizioni:' AS info, COUNT(*) AS count FROM competition;
SELECT 'Stagioni:' AS info, COUNT(*) AS count FROM season;
SELECT 'Facility:' AS info, COUNT(*) AS count FROM facility;
SELECT 'Staff:' AS info, COUNT(*) AS count FROM staff;
SELECT 'Team:' AS info, COUNT(*) AS count FROM team;
SELECT 'Team Staff:' AS info, COUNT(*) AS count FROM team_staff;
SELECT 'Players:' AS info, COUNT(*) AS count FROM player;
SELECT 'Team Players:' AS info, COUNT(*) AS count FROM team_player;
SELECT 'Partite:' AS info, COUNT(*) AS count FROM match;
