-- ============================================================
-- YOUTH FOOTBALL MANAGER - POPOLAMENTO DATI (v2.0)
-- Versione: 2.0 - 2026-06-27
--
-- CONVENZIONE: Nomi tabelle in INGLESE, campi in ITALIANO
--
-- ATTENZIONE: Questo script INSERISCE i dati!
--
-- CATEGORIE: nome = solo "Under 14", "Under 15", ecc.
--             tipo_campionato = "Elite", "Regionale", "Provinciale"
--
-- SQUADRE:
-- - ACP Annex - U16 Elite
-- - DF Academy - U15 Regionale
-- - SSD New Team - U15 Provinciale (22 giocatori)
-- - SSD New Team - U16 Elite (20 giocatori)
-- - SSD New Team - U17 Regionale (18 giocatori)
--
-- WORKSPACES:
-- 00000000-0000-0000-0000-000000000001 = ASD Green Academy
-- 22222222-2222-2222-2222-222222222222 = SSD New Team
-- 752eab50-73c1-495b-9e0e-000000000008 = ACP Annex
-- ab1186e5-a884-4355-b684-000000000028 = DF Academy
-- ============================================================

-- ============================================================
-- 1. CATEGORIE GLOBALI (nome semplice, tipo in colonna dedicata)
-- ============================================================

INSERT INTO category (id, nome, tipo_campionato, anno_da, anno_a, descrizione) VALUES
    -- Under 14
    ('d0000001-0000-0000-0000-000000000001', 'Under 14', 'Provinciale', 2012, 2012, 'Ragazzi nati nel 2012'),
    ('d0000002-0000-0000-0000-000000000002', 'Under 14', 'Regionale', 2012, 2012, 'Ragazzi nati nel 2012'),
    ('d0000003-0000-0000-0000-000000000003', 'Under 14', 'Elite', 2012, 2012, 'Ragazzi nati nel 2012'),
    -- Under 15
    ('d0000004-0000-0000-0000-000000000004', 'Under 15', 'Provinciale', 2011, 2011, 'Ragazzi nati nel 2011'),
    ('d0000005-0000-0000-0000-000000000005', 'Under 15', 'Regionale', 2011, 2011, 'Ragazzi nati nel 2011'),
    ('d0000006-0000-0000-0000-000000000006', 'Under 15', 'Elite', 2011, 2011, 'Ragazzi nati nel 2011'),
    -- Under 16
    ('d0000007-0000-0000-0000-000000000007', 'Under 16', 'Provinciale', 2010, 2010, 'Ragazzi nati nel 2010'),
    ('d0000008-0000-0000-0000-000000000008', 'Under 16', 'Regionale', 2010, 2010, 'Ragazzi nati nel 2010'),
    ('d0000009-0000-0000-0000-000000000009', 'Under 16', 'Elite', 2010, 2010, 'Ragazzi nati nel 2010'),
    -- Under 17
    ('f0000010-0000-0000-0000-000000000010', 'Under 17', 'Provinciale', 2009, 2009, 'Ragazzi nati nel 2009'),
    ('f0000011-0000-0000-0000-000000000010', 'Under 17', 'Regionale', 2009, 2009, 'Ragazzi nati nel 2009'),
    ('f0000012-0000-0000-0000-000000000010', 'Under 17', 'Elite', 2009, 2009, 'Ragazzi nati nel 2009'),
    -- Under 18
    ('f0000013-0000-0000-0000-000000000010', 'Under 18', 'Provinciale', 2008, 2008, 'Ragazzi nati nel 2008'),
    ('f0000014-0000-0000-0000-000000000010', 'Under 18', 'Regionale', 2008, 2008, 'Ragazzi nati nel 2008'),
    -- Under 19
    ('f0000015-0000-0000-0000-000000000010', 'Under 19', 'Regionale', 2007, 2007, 'Ragazzi nati nel 2007'),
    ('f0000016-0000-0000-0000-000000000010', 'Under 19', 'Pro', 2006, 2006, 'Ragazzi nati nel 2006'),
    -- Juniores
    ('f0000017-0000-0000-0000-000000000010', 'Juniores', 'Provinciale', 2007, 2008, 'Giovani 2007-2008'),
    ('f0000018-0000-0000-0000-000000000010', 'Juniores', 'Regionale', 2007, 2008, 'Giovani 2007-2008'),
    -- Primavera
    ('f0000019-0000-0000-0000-000000000010', 'Primavera', 'Regionale', 2005, 2006, 'Giovani calciatori 2005-2006');

-- ============================================================
-- 2. COMPETIZIONI
-- ============================================================

INSERT INTO competition (id, nome, tipo, regione, descrizione) VALUES
    ('e1000001-0000-0000-0000-000000000001', 'Campionato Regionale Lazio', 'Campionato', 'Lazio', 'Campionato regionale FIGC'),
    ('e1000002-0000-0000-0000-000000000002', 'Coppa Lazio', 'Coppa', 'Lazio', 'Coppa regionale FIGC'),
    ('e1000003-0000-0000-0000-000000000003', 'Campionato Nazionale U19', 'Campionato', 'Nazionale', 'Campionato federale under 19'),
    ('e1000004-0000-0000-0000-000000000004', 'Torneo Friendlies', 'Amichevole', NULL, 'Partite amichevoli');

-- ============================================================
-- 3. STAGIONI 2025/26
-- ============================================================

INSERT INTO season (id, workspace_id, nome, data_inizio, data_fine, attiva, is_default) VALUES
    ('a0000001-0000-0000-0000-000000000001', '00000000-0000-0000-0000-000000000001', '2025/26', '2025-09-01', '2026-06-30', true, true),
    ('a0000002-0000-0000-0000-000000000002', '22222222-2222-2222-2222-222222222222', '2025/26', '2025-09-01', '2026-06-30', true, true),
    ('a0000003-0000-0000-0000-000000000003', '752eab50-73c1-495b-9e0e-000000000008', '2025/26', '2025-09-01', '2026-06-30', true, true),
    ('a0000004-0000-0000-0000-000000000004', 'ab1186e5-a884-4355-b684-000000000028', '2025/26', '2025-09-01', '2026-06-30', true, true);

-- ============================================================
-- 4. FACILITY (impianti sportivi)
-- ============================================================

INSERT INTO facility (id, nome, indirizzo, citta, capienza, superficie, tipo, illuminazione) VALUES
    ('d0000001-0000-0000-0000-000000000001', 'Centro Sportivo SSD New Team', 'Via dello Sport 1', 'Roma', 200, 'Erba', 'Campo calcetto', true),
    ('d0000002-0000-0000-0000-000000000002', 'Stadio ACP Annex', 'Via Roma 100', 'Roma', 150, 'Sintetico', 'Campo calcetto', true),
    ('d0000003-0000-0000-0000-000000000003', 'Campo DF Academy', 'Via delle Rose 5', 'Roma', 180, 'Erba', 'Campo calcetto', true);

-- ============================================================
-- 5. STAFF
-- ============================================================

INSERT INTO staff (id, nome, cognome, ruolo, telefono, email) VALUES
    -- SSD New Team Staff
    ('e0000001-0000-0000-0000-000000000001', 'Roberto', 'Bianchi', 'Allenatore', '3331111111', 'roberto.bianchi@ssdnewteam.it'),
    ('e0000002-0000-0000-0000-000000000002', 'Marco', 'Verdi', 'Dirigente', '3332222222', 'marco.verdi@ssdnewteam.it'),
    ('e0000003-0000-0000-0000-000000000003', 'Giuseppe', 'Rossi', 'Preparatore Atletico', '3333333333', 'giuseppe.rossi@ssdnewteam.it'),
    ('e0000004-0000-0000-0000-000000000004', 'Sergio', 'Marino', 'Allenatore Portieri', '3334444444', 'sergio.marino@ssdnewteam.it'),
    -- DF Academy Staff
    ('e0000005-0000-0000-0000-000000000005', 'Matteo', 'Urilli', 'Allenatore', '3335555555', 'matteo@urilli.it'),
    ('e0000006-0000-0000-0000-000000000006', 'Paolo', 'Costa', 'Dirigente', '3336666666', 'paolo.costa@dfacademy.it'),
    -- ACP Annex Staff
    ('e0000007-0000-0000-0000-000000000007', 'Francesco', 'Annese', 'Allenatore', '3337777777', 'staff@test.it'),
    ('e0000008-0000-0000-0000-000000000008', 'Luigi', 'Ferrari', 'Dirigente', '3338888888', 'luigi.ferrari@acpannex.it');

-- ============================================================
-- 6. SQUADRE
-- ============================================================

-- ACP Annex - U16 Elite
INSERT INTO team (id, season_id, category_id, nome, colori_casa, colori_trasferta, venue_id, allenatore_id, dirigente_id, iscritta_competizione) VALUES
    ('b0000001-0000-0000-0000-000000000001', 'a0000003-0000-0000-0000-000000000003', 'd0000009-0000-0000-0000-000000000009', 'ACP Annex', 'Blu', 'Bianco', 'd0000002-0000-0000-0000-000000000002', 'e0000007-0000-0000-0000-000000000007', 'e0000008-0000-0000-0000-000000000008', 'e1000001-0000-0000-0000-000000000001');

-- DF Academy - U15 Regionale
INSERT INTO team (id, season_id, category_id, nome, colori_casa, colori_trasferta, venue_id, allenatore_id, dirigente_id, iscritta_competizione) VALUES
    ('b0000002-0000-0000-0000-000000000002', 'a0000004-0000-0000-0000-000000000004', 'd0000005-0000-0000-0000-000000000005', 'DF Academy', 'Rosso', 'Bianco', 'd0000003-0000-0000-0000-000000000003', 'e0000005-0000-0000-0000-000000000005', 'e0000006-0000-0000-0000-000000000006', 'e1000001-0000-0000-0000-000000000001');

-- SSD New Team - U15 Provinciale (22 giocatori)
INSERT INTO team (id, season_id, category_id, nome, colori_casa, colori_trasferta, venue_id, allenatore_id, dirigente_id, iscritta_competizione) VALUES
    ('b0000003-0000-0000-0000-000000000003', 'a0000002-0000-0000-0000-000000000002', 'd0000004-0000-0000-0000-000000000004', 'SSD New Team', 'Verde', 'Bianco', 'd0000001-0000-0000-0000-000000000001', 'e0000001-0000-0000-0000-000000000001', 'e0000002-0000-0000-0000-000000000002', 'e1000001-0000-0000-0000-000000000001');

-- SSD New Team - U16 Elite (20 giocatori)
INSERT INTO team (id, season_id, category_id, nome, colori_casa, colori_trasferta, venue_id, allenatore_id, dirigente_id, iscritta_competizione) VALUES
    ('b0000004-0000-0000-0000-000000000004', 'a0000002-0000-0000-0000-000000000002', 'd0000009-0000-0000-0000-000000000009', 'SSD New Team', 'Verde', 'Bianco', 'd0000001-0000-0000-0000-000000000001', 'e0000001-0000-0000-0000-000000000001', 'e0000002-0000-0000-0000-000000000002', 'e1000001-0000-0000-0000-000000000001');

-- SSD New Team - U17 Regionale (18 giocatori)
INSERT INTO team (id, season_id, category_id, nome, colori_casa, colori_trasferta, venue_id, allenatore_id, dirigente_id, iscritta_competizione) VALUES
    ('b0000005-0000-0000-0000-000000000005', 'a0000002-0000-0000-0000-000000000002', 'f0000011-0000-0000-0000-000000000010', 'SSD New Team', 'Verde', 'Bianco', 'd0000001-0000-0000-0000-000000000001', 'e0000001-0000-0000-0000-000000000001', 'e0000002-0000-0000-0000-000000000002', 'e1000001-0000-0000-0000-000000000001');

-- ============================================================
-- 7. TEAM STAFF (assegnazione staff a squadre)
-- ============================================================

-- SSD New Team U15
INSERT INTO team_staff (team_id, staff_id, ruolo_squadra) VALUES
    ('b0000003-0000-0000-0000-000000000003', 'e0000001-0000-0000-0000-000000000001', 'Capo Allenatore'),
    ('b0000003-0000-0000-0000-000000000003', 'e0000002-0000-0000-0000-000000000002', 'Dirigente'),
    ('b0000003-0000-0000-0000-000000000003', 'e0000003-0000-0000-0000-000000000003', 'Preparatore Atletico'),
    ('b0000003-0000-0000-0000-000000000003', 'e0000004-0000-0000-0000-000000000004', 'Allenatore Portieri');

-- SSD New Team U16
INSERT INTO team_staff (team_id, staff_id, ruolo_squadra) VALUES
    ('b0000004-0000-0000-0000-000000000004', 'e0000001-0000-0000-0000-000000000001', 'Capo Allenatore'),
    ('b0000004-0000-0000-0000-000000000004', 'e0000002-0000-0000-0000-000000000002', 'Dirigente'),
    ('b0000004-0000-0000-0000-000000000004', 'e0000003-0000-0000-0000-000000000003', 'Preparatore Atletico');

-- SSD New Team U17
INSERT INTO team_staff (team_id, staff_id, ruolo_squadra) VALUES
    ('b0000005-0000-0000-0000-000000000005', 'e0000001-0000-0000-0000-000000000001', 'Capo Allenatore'),
    ('b0000005-0000-0000-0000-000000000005', 'e0000002-0000-0000-0000-000000000002', 'Dirigente'),
    ('b0000005-0000-0000-0000-000000000005', 'e0000003-0000-0000-0000-000000000003', 'Preparatore Atletico');

-- DF Academy
INSERT INTO team_staff (team_id, staff_id, ruolo_squadra) VALUES
    ('b0000002-0000-0000-0000-000000000002', 'e0000005-0000-0000-0000-000000000005', 'Capo Allenatore'),
    ('b0000002-0000-0000-0000-000000000002', 'e0000006-0000-0000-0000-000000000006', 'Dirigente');

-- ACP Annex
INSERT INTO team_staff (team_id, staff_id, ruolo_squadra) VALUES
    ('b0000001-0000-0000-0000-000000000001', 'e0000007-0000-0000-0000-000000000007', 'Capo Allenatore'),
    ('b0000001-0000-0000-0000-000000000001', 'e0000008-0000-0000-0000-000000000008', 'Dirigente');

-- ============================================================
-- 8. PLAYERS SSD New Team U15 (22 giocatori - nati 2011)
-- ============================================================

INSERT INTO player (id, nome, cognome, data_nascita, telefono, sesso) VALUES
    ('01000001-0000-0000-0000-000000000001', 'Lorenzo', 'Rossi', '2011-03-15', '3331111111', 'M'),
    ('01000002-0000-0000-000000000002', 'Alessandro', 'Bianchi', '2011-07-22', '3332222222', 'M'),
    ('01000003-0000-0000-000000000003', 'Matteo', 'Verdi', '2011-01-10', '3333333333', 'M'),
    ('01000004-0000-0000-000000000004', 'Francesco', 'Russo', '2011-09-05', '3334444444', 'M'),
    ('01000005-0000-0000-000000000005', 'Andrea', 'Ferrari', '2011-05-18', '3335555555', 'M'),
    ('01000006-0000-0000-000000000006', 'Davide', 'Esposito', '2011-11-30', '3336666666', 'M'),
    ('01000007-0000-0000-000000000007', 'Marco', 'Romano', '2011-02-14', '3337777777', 'M'),
    ('01000008-0000-0000-000000000008', 'Luca', 'Marino', '2011-08-25', '3338888888', 'M'),
    ('01000009-0000-0000-000000000009', 'Giovanni', 'Ricci', '2011-04-12', '3339999999', 'M'),
    ('01000010-0000-0000-0000000000100', 'Simone', 'Bruno', '2011-12-03', '3331010101', 'M'),
    ('01000011-0000-0000-0000000000101', 'Federico', 'Conti', '2011-06-28', '3331111112', 'M'),
    ('01000012-0000-0000-0000000000102', 'Nicolo''', 'Costa', '2011-10-17', '3331212121', 'M'),
    ('01000013-0000-0000-0000000000103', 'Gabriele', 'Giordano', '2011-03-08', '3331313131', 'M'),
    ('01000014-0000-0000-0000000000104', 'Filippo', 'Mancini', '2011-07-19', '3331414141', 'M'),
    ('01000015-0000-0000-0000000000105', 'Tommaso', 'Barbieri', '2011-01-25', '3331515151', 'M'),
    ('01000016-0000-0000-0000000000106', 'Edoardo', 'Moretti', '2011-09-12', '3331616161', 'M'),
    ('01000017-0000-0000-0000000000107', 'Antonio', 'Fontana', '2011-05-07', '3331717171', 'M'),
    ('01000018-0000-0000-0000000000108', 'Riccardo', 'Ferrara', '2011-11-21', '3331818181', 'M'),
    ('01000019-0000-0000-0000000000109', 'Stefano', 'Santoro', '2011-02-28', '3331919191', 'M'),
    ('01000020-0000-0000-000000000020', 'Paolo', 'Rinaldi', '2011-08-03', '3332020202', 'M'),
    ('01000021-0000-0000-000000000021', 'Michele', 'Mazza', '2011-04-15', '3332121212', 'M'),
    ('01000022-0000-0000-000000000022', 'Daniele', 'Lombardi', '2011-12-09', '3332222223', 'M');

-- ============================================================
-- 9. PLAYERS SSD New Team U16 (20 giocatori - nati 2010)
-- ============================================================

INSERT INTO player (id, nome, cognome, data_nascita, telefono, sesso) VALUES
    ('02000001-0000-0000-0000-000000000001', 'Alessio', 'Colombo', '2010-02-15', '3341111111', 'M'),
    ('02000002-0000-0000-000000000002', 'Mattia', 'Ferrero', '2010-05-22', '3342222222', 'M'),
    ('02000003-0000-0000-000000000003', 'Lorenzo', 'De Luca', '2010-08-10', '3343333333', 'M'),
    ('02000004-0000-0000-000000000004', 'Gabriele', 'Rizzo', '2010-01-05', '3344444444', 'M'),
    ('02000005-0000-0000-000000000005', 'Federico', 'Caruso', '2010-06-18', '3345555555', 'M'),
    ('02000006-0000-0000-000000000006', 'Nicolo''', 'Marchetti', '2010-11-30', '3346666666', 'M'),
    ('02000007-0000-0000-000000000007', 'Christian', 'Pagano', '2010-03-14', '3347777777', 'M'),
    ('02000008-0000-0000-000000000008', 'Samuele', 'Ferrara', '2010-09-25', '3348888888', 'M'),
    ('02000009-0000-0000-000000000009', 'Diego', 'Santoro', '2010-04-12', '3349999999', 'M'),
    ('02000010-0000-0000-0000000000100', 'Alberto', 'Rinaldi', '2010-12-03', '3341010101', 'M'),
    ('02000011-0000-0000-0000000000101', 'Manuel', 'Ferraro', '2010-07-28', '3341111112', 'M'),
    ('02000012-0000-0000-0000000000102', 'Emanuele', 'Bruno', '2010-10-17', '3341212121', 'M'),
    ('02000013-0000-0000-0000000000103', 'Kevin', 'Ferrante', '2010-02-08', '3341313131', 'M'),
    ('02000014-0000-0000-0000000000104', 'Flavio', 'Carbone', '2010-05-19', '3341414141', 'M'),
    ('02000015-0000-0000-0000000000105', 'Giacomo', 'Gatto', '2010-01-25', '3341515151', 'M'),
    ('02000016-0000-0000-0000000000106', 'Mirko', 'Sorrentino', '2010-08-12', '3341616161', 'M'),
    ('02000017-0000-0000-0000000000107', 'Vincenzo', 'Grasso', '2010-04-07', '3341717171', 'M'),
    ('02000018-0000-0000-0000000000108', 'Fabio', 'Catalano', '2010-10-21', '3341818181', 'M'),
    ('02000019-0000-0000-0000000000109', 'Gianluca', 'Valentini', '2010-03-28', '3341919191', 'M'),
    ('02000020-0000-0000-000000000020', 'Davide', 'Martini', '2010-07-03', '3342020202', 'M');

-- ============================================================
-- 10. PLAYERS SSD New Team U17 (18 giocatori - nati 2009)
-- ============================================================

INSERT INTO player (id, nome, cognome, data_nascita, telefono, sesso) VALUES
    ('03000001-0000-0000-0000-000000000001', 'Tommaso', 'Monti', '2009-03-15', '3351111111', 'M'),
    ('03000002-0000-0000-000000000002', 'Alessandro', 'De Angelis', '2009-06-22', '3352222222', 'M'),
    ('03000003-0000-0000-000000000003', 'Luca', 'Pellegrini', '2009-02-10', '3353333333', 'M'),
    ('03000004-0000-0000-000000000004', 'Marco', 'Vitali', '2009-09-05', '3354444444', 'M'),
    ('03000005-0000-0000-000000000005', 'Andrea', 'Benedetti', '2009-05-18', '3355555555', 'M'),
    ('03000006-0000-0000-000000000006', 'Davide', 'Sabatini', '2009-11-30', '3356666666', 'M'),
    ('03000007-0000-0000-000000000007', 'Filippo', 'Gentile', '2009-01-14', '3357777777', 'M'),
    ('03000008-0000-0000-000000000008', 'Riccardo', 'Mazzini', '2009-07-25', '3358888888', 'M'),
    ('03000009-0000-0000-000000000009', 'Simone', 'Battaglia', '2009-04-12', '3359999999', 'M'),
    ('03000010-0000-0000-0000000000100', 'Giovanni', 'Palmisano', '2009-12-03', '3351010101', 'M'),
    ('03000011-0000-0000-0000000000101', 'Francesco', 'Fabbri', '2009-08-28', '3351111112', 'M'),
    ('03000012-0000-0000-0000000000102', 'Matteo', 'Basile', '2009-10-17', '3351212121', 'M'),
    ('03000013-0000-0000-0000000000103', 'Stefano', 'Cortesi', '2009-03-08', '3351313131', 'M'),
    ('03000014-0000-0000-0000000000104', 'Paolo', 'Maffei', '2009-07-19', '3351414141', 'M'),
    ('03000015-0000-0000-0000000000105', 'Gabriele', 'Toscano', '2009-01-25', '3351515151', 'M'),
    ('03000016-0000-0000-0000000000106', 'Edoardo', 'Caputo', '2009-09-12', '3351616161', 'M'),
    ('03000017-0000-0000-0000000000107', 'Antonio', 'Santaniello', '2009-05-07', '3351717171', 'M'),
    ('03000018-0000-0000-0000000000108', 'Lorenzo', 'Di Carlo', '2009-11-21', '3351818181', 'M');

-- ============================================================
-- 11. TEAM PLAYERS - SSD New Team U15 (22 giocatori)
-- ============================================================

INSERT INTO team_player (team_id, player_id, numero_maglia, ruolo_preferito, is_primary, stato) VALUES
    ('b0000003-0000-0000-0000-000000000003', '01000001-0000-0000-0000-000000000001', 1, 'Portiere', true, 'Attivo'),
    ('b0000003-0000-0000-0000-000000000003', '01000002-0000-0000-000000000002', 2, 'Difensore', true, 'Attivo'),
    ('b0000003-0000-0000-0000-000000000003', '01000003-0000-0000-000000000003', 3, 'Difensore', true, 'Attivo'),
    ('b0000003-0000-0000-0000-000000000003', '01000004-0000-0000-000000000004', 4, 'Difensore', true, 'Attivo'),
    ('b0000003-0000-0000-0000-000000000003', '01000005-0000-0000-000000000005', 5, 'Difensore', true, 'Attivo'),
    ('b0000003-0000-0000-0000-000000000003', '01000006-0000-0000-000000000006', 6, 'Centrocampista', true, 'Attivo'),
    ('b0000003-0000-0000-0000-000000000003', '01000007-0000-0000-000000000007', 7, 'Centrocampista', true, 'Attivo'),
    ('b0000003-0000-0000-0000-000000000003', '01000008-0000-0000-000000000008', 8, 'Centrocampista', true, 'Attivo'),
    ('b0000003-0000-0000-0000-000000000003', '01000009-0000-0000-000000000009', 9, 'Centrocampista', true, 'Attivo'),
    ('b0000003-0000-0000-0000-000000000003', '01000010-0000-0000-0000000000100', 10, 'Centrocampista', true, 'Attivo'),
    ('b0000003-0000-0000-0000-000000000003', '01000011-0000-0000-0000000000101', 11, 'Attaccante', true, 'Attivo'),
    ('b0000003-0000-0000-0000-000000000003', '01000012-0000-0000-0000000000102', 12, 'Attaccante', true, 'Attivo'),
    ('b0000003-0000-0000-0000-000000000003', '01000013-0000-0000-0000000000103', 13, 'Attaccante', true, 'Attivo'),
    ('b0000003-0000-0000-0000-000000000003', '01000014-0000-0000-0000000000104', 14, 'Portiere', true, 'Attivo'),
    ('b0000003-0000-0000-0000-000000000003', '01000015-0000-0000-0000000000105', 15, 'Difensore', true, 'Attivo'),
    ('b0000003-0000-0000-0000-000000000003', '01000016-0000-0000-0000000000106', 16, 'Difensore', true, 'Attivo'),
    ('b0000003-0000-0000-0000-000000000003', '01000017-0000-0000-0000000000107', 17, 'Centrocampista', true, 'Attivo'),
    ('b0000003-0000-0000-0000-000000000003', '01000018-0000-0000-0000000000108', 18, 'Centrocampista', true, 'Attivo'),
    ('b0000003-0000-0000-0000-000000000003', '01000019-0000-0000-0000000000109', 19, 'Attaccante', true, 'Attivo'),
    ('b0000003-0000-0000-0000-000000000003', '01000020-0000-0000-000000000020', 20, 'Attaccante', true, 'Attivo'),
    ('b0000003-0000-0000-0000-000000000003', '01000021-0000-0000-000000000021', 21, 'Difensore', true, 'Attivo'),
    ('b0000003-0000-0000-0000-000000000003', '01000022-0000-0000-000000000022', 22, 'Centrocampista', true, 'Attivo');

-- ============================================================
-- 12. TEAM PLAYERS - SSD New Team U16 (20 giocatori)
-- ============================================================

INSERT INTO team_player (team_id, player_id, numero_maglia, ruolo_preferito, is_primary, stato) VALUES
    ('b0000004-0000-0000-0000-000000000004', '02000001-0000-0000-0000-000000000001', 1, 'Portiere', true, 'Attivo'),
    ('b0000004-0000-0000-0000-000000000004', '02000002-0000-0000-000000000002', 2, 'Difensore', true, 'Attivo'),
    ('b0000004-0000-0000-0000-000000000004', '02000003-0000-0000-000000000003', 3, 'Difensore', true, 'Attivo'),
    ('b0000004-0000-0000-0000-000000000004', '02000004-0000-0000-000000000004', 4, 'Difensore', true, 'Attivo'),
    ('b0000004-0000-0000-0000-000000000004', '02000005-0000-0000-000000000005', 5, 'Difensore', true, 'Attivo'),
    ('b0000004-0000-0000-0000-000000000004', '02000006-0000-0000-000000000006', 6, 'Centrocampista', true, 'Attivo'),
    ('b0000004-0000-0000-0000-000000000004', '02000007-0000-0000-000000000007', 7, 'Centrocampista', true, 'Attivo'),
    ('b0000004-0000-0000-0000-000000000004', '02000008-0000-0000-000000000008', 8, 'Centrocampista', true, 'Attivo'),
    ('b0000004-0000-0000-0000-000000000004', '02000009-0000-0000-000000000009', 9, 'Centrocampista', true, 'Attivo'),
    ('b0000004-0000-0000-0000-000000000004', '02000010-0000-0000-0000000000100', 10, 'Centrocampista', true, 'Attivo'),
    ('b0000004-0000-0000-0000-000000000004', '02000011-0000-0000-0000000000101', 11, 'Attaccante', true, 'Attivo'),
    ('b0000004-0000-0000-0000-000000000004', '02000012-0000-0000-0000000000102', 12, 'Attaccante', true, 'Attivo'),
    ('b0000004-0000-0000-0000-000000000004', '02000013-0000-0000-0000000000103', 13, 'Attaccante', true, 'Attivo'),
    ('b0000004-0000-0000-0000-000000000004', '02000014-0000-0000-0000000000104', 14, 'Portiere', true, 'Attivo'),
    ('b0000004-0000-0000-0000-000000000004', '02000015-0000-0000-0000000000105', 15, 'Difensore', true, 'Attivo'),
    ('b0000004-0000-0000-0000-000000000004', '02000016-0000-0000-0000000000106', 16, 'Difensore', true, 'Attivo'),
    ('b0000004-0000-0000-0000-000000000004', '02000017-0000-0000-0000000000107', 17, 'Centrocampista', true, 'Attivo'),
    ('b0000004-0000-0000-0000-000000000004', '02000018-0000-0000-0000000000108', 18, 'Centrocampista', true, 'Attivo'),
    ('b0000004-0000-0000-0000-000000000004', '02000019-0000-0000-0000000000109', 19, 'Attaccante', true, 'Attivo'),
    ('b0000004-0000-0000-0000-000000000004', '02000020-0000-0000-000000000020', 20, 'Attaccante', true, 'Attivo');

-- ============================================================
-- 13. TEAM PLAYERS - SSD New Team U17 (18 giocatori)
-- ============================================================

INSERT INTO team_player (team_id, player_id, numero_maglia, ruolo_preferito, is_primary, stato) VALUES
    ('b0000005-0000-0000-0000-000000000005', '03000001-0000-0000-0000-000000000001', 1, 'Portiere', true, 'Attivo'),
    ('b0000005-0000-0000-0000-000000000005', '03000002-0000-0000-000000000002', 2, 'Difensore', true, 'Attivo'),
    ('b0000005-0000-0000-0000-000000000005', '03000003-0000-0000-000000000003', 3, 'Difensore', true, 'Attivo'),
    ('b0000005-0000-0000-0000-000000000005', '03000004-0000-0000-000000000004', 4, 'Difensore', true, 'Attivo'),
    ('b0000005-0000-0000-0000-000000000005', '03000005-0000-0000-000000000005', 5, 'Difensore', true, 'Attivo'),
    ('b0000005-0000-0000-0000-000000000005', '03000006-0000-0000-000000000006', 6, 'Centrocampista', true, 'Attivo'),
    ('b0000005-0000-0000-0000-000000000005', '03000007-0000-0000-000000000007', 7, 'Centrocampista', true, 'Attivo'),
    ('b0000005-0000-0000-0000-000000000005', '03000008-0000-0000-000000000008', 8, 'Centrocampista', true, 'Attivo'),
    ('b0000005-0000-0000-0000-000000000005', '03000009-0000-0000-000000000009', 9, 'Centrocampista', true, 'Attivo'),
    ('b0000005-0000-0000-0000-000000000005', '03000010-0000-0000-0000000000100', 10, 'Centrocampista', true, 'Attivo'),
    ('b0000005-0000-0000-0000-000000000005', '03000011-0000-0000-0000000000101', 11, 'Attaccante', true, 'Attivo'),
    ('b0000005-0000-0000-0000-000000000005', '03000012-0000-0000-0000000000102', 12, 'Attaccante', true, 'Attivo'),
    ('b0000005-0000-0000-0000-000000000005', '03000013-0000-0000-0000000000103', 13, 'Attaccante', true, 'Attivo'),
    ('b0000005-0000-0000-0000-000000000005', '03000014-0000-0000-0000000000104', 14, 'Portiere', true, 'Attivo'),
    ('b0000005-0000-0000-0000-000000000005', '03000015-0000-0000-0000000000105', 15, 'Difensore', true, 'Attivo'),
    ('b0000005-0000-0000-0000-000000000005', '03000016-0000-0000-0000000000106', 16, 'Centrocampista', true, 'Attivo'),
    ('b0000005-0000-0000-0000-000000000005', '03000017-0000-0000-0000000000107', 17, 'Attaccante', true, 'Attivo'),
    ('b0000005-0000-0000-0000-000000000005', '03000018-0000-0000-0000000000108', 18, 'Attaccante', true, 'Attivo');

-- ============================================================
-- 14. PARTITE SSD New Team U15 (15 partite - 2025/26)
-- ============================================================

INSERT INTO match (team_id, competition_id, data_ora, avversario, luogo, giornata, stato) VALUES
    ('b0000003-0000-0000-0000-000000000003', 'e1000001-0000-0000-0000-000000000001', '2025-09-14 15:30:00', 'Real Roma', 'Casa', 1, 'Da disputare'),
    ('b0000003-0000-0000-0000-000000000003', 'e1000001-0000-0000-0000-000000000001', '2025-09-21 15:30:00', 'Lazio Academy', 'Trasferta', 2, 'Da disputare'),
    ('b0000003-0000-0000-0000-000000000003', 'e1000001-0000-0000-0000-000000000001', '2025-09-28 15:30:00', 'Roma FC Youth', 'Casa', 3, 'Da disputare'),
    ('b0000003-0000-0000-0000-000000000003', 'e1000001-0000-0000-0000-000000000001', '2025-10-05 15:00:00', 'Virtus Roma', 'Trasferta', 4, 'Da disputare'),
    ('b0000003-0000-0000-0000-000000000003', 'e1000001-0000-0000-0000-000000000001', '2025-10-12 15:00:00', 'Frosinone Youth', 'Casa', 5, 'Da disputare'),
    ('b0000003-0000-0000-0000-000000000003', 'e1000001-0000-0000-0000-000000000001', '2025-10-19 15:00:00', 'Torino Academy', 'Trasferta', 6, 'Da disputare'),
    ('b0000003-0000-0000-0000-000000000003', 'e1000001-0000-0000-0000-000000000001', '2025-10-26 14:30:00', 'Lazio Junior', 'Casa', 7, 'Da disputare'),
    ('b0000003-0000-0000-0000-000000000003', 'e1000001-0000-0000-0000-000000000001', '2025-11-02 14:30:00', 'Atalanta Youth', 'Trasferta', 8, 'Da disputare'),
    ('b0000003-0000-0000-0000-000000000003', 'e1000001-0000-0000-0000-000000000001', '2025-11-09 14:30:00', 'Napoli Academy', 'Casa', 9, 'Da disputare'),
    ('b0000003-0000-0000-0000-000000000003', 'e1000001-0000-0000-0000-000000000001', '2025-11-16 14:00:00', 'Milan Junior', 'Trasferta', 10, 'Da disputare'),
    ('b0000003-0000-0000-0000-000000000003', 'e1000001-0000-0000-0000-000000000001', '2025-11-23 14:00:00', 'Inter Campus', 'Casa', 11, 'Da disputare'),
    ('b0000003-0000-0000-0000-000000000003', 'e1000001-0000-0000-0000-000000000001', '2025-11-30 14:00:00', 'Juventus Youth', 'Trasferta', 12, 'Da disputare'),
    ('b0000003-0000-0000-0000-000000000003', 'e1000001-0000-0000-0000-000000000001', '2025-12-07 14:00:00', 'Fiorentina Academy', 'Casa', 13, 'Da disputare'),
    ('b0000003-0000-0000-0000-000000000003', 'e1000001-0000-0000-0000-000000000001', '2025-12-14 14:00:00', 'Sampdoria Youth', 'Trasferta', 14, 'Da disputare'),
    ('b0000003-0000-0000-0000-000000000003', 'e1000001-0000-0000-0000-000000000001', '2025-12-21 14:00:00', 'Genoa Academy', 'Casa', 15, 'Da disputare');

-- ============================================================
-- 15. PARTITE SSD New Team U16 (15 partite - 2025/26)
-- ============================================================

INSERT INTO match (team_id, competition_id, data_ora, avversario, luogo, giornata, stato) VALUES
    ('b0000004-0000-0000-0000-000000000004', 'e1000001-0000-0000-0000-000000000001', '2025-09-14 16:30:00', 'Catania Elite', 'Casa', 1, 'Da disputare'),
    ('b0000004-0000-0000-0000-000000000004', 'e1000001-0000-0000-0000-000000000001', '2025-09-21 16:30:00', 'Palermo Academy', 'Trasferta', 2, 'Da disputare'),
    ('b0000004-0000-0000-0000-000000000004', 'e1000001-0000-0000-0000-000000000001', '2025-09-28 16:30:00', 'Messina Youth', 'Casa', 3, 'Da disputare'),
    ('b0000004-0000-0000-0000-000000000004', 'e1000001-0000-0000-0000-000000000001', '2025-10-05 16:00:00', 'Catanzaro Elite', 'Trasferta', 4, 'Da disputare'),
    ('b0000004-0000-0000-0000-000000000004', 'e1000001-0000-0000-0000-000000000001', '2025-10-12 16:00:00', 'Reggina Academy', 'Casa', 5, 'Da disputare'),
    ('b0000004-0000-0000-0000-000000000004', 'e1000001-0000-0000-0000-000000000001', '2025-10-19 16:00:00', 'Salernitana Youth', 'Trasferta', 6, 'Da disputare'),
    ('b0000004-0000-0000-0000-000000000004', 'e1000001-0000-0000-0000-000000000001', '2025-10-26 15:30:00', 'Benevento Elite', 'Casa', 7, 'Da disputare'),
    ('b0000004-0000-0000-0000-000000000004', 'e1000001-0000-0000-0000-000000000001', '2025-11-02 15:30:00', 'Avellino Academy', 'Trasferta', 8, 'Da disputare'),
    ('b0000004-0000-0000-0000-000000000004', 'e1000001-0000-0000-0000-000000000001', '2025-11-09 15:30:00', 'Casertana Elite', 'Casa', 9, 'Da disputare'),
    ('b0000004-0000-0000-0000-000000000004', 'e1000001-0000-0000-0000-000000000001', '2025-11-16 15:00:00', 'Turris Academy', 'Trasferta', 10, 'Da disputare'),
    ('b0000004-0000-0000-0000-000000000004', 'e1000001-0000-0000-0000-000000000001', '2025-11-23 15:00:00', 'Giugliano Elite', 'Casa', 11, 'Da disputare'),
    ('b0000004-0000-0000-0000-000000000004', 'e1000001-0000-0000-0000-000000000001', '2025-11-30 15:00:00', 'Paganese Academy', 'Trasferta', 12, 'Da disputare'),
    ('b0000004-0000-0000-0000-000000000004', 'e1000001-0000-0000-0000-000000000001', '2025-12-07 15:00:00', 'Audax Cerignola', 'Casa', 13, 'Da disputare'),
    ('b0000004-0000-0000-0000-000000000004', 'e1000001-0000-0000-0000-000000000001', '2025-12-14 15:00:00', 'Bari Elite', 'Trasferta', 14, 'Da disputare'),
    ('b0000004-0000-0000-0000-000000000004', 'e1000001-0000-0000-0000-000000000001', '2025-12-21 15:00:00', 'Foggia Academy', 'Casa', 15, 'Da disputare');

-- ============================================================
-- 16. PARTITE SSD New Team U17 (15 partite - 2025/26)
-- ============================================================

INSERT INTO match (team_id, competition_id, data_ora, avversario, luogo, giornata, stato) VALUES
    ('b0000005-0000-0000-0000-000000000005', 'e1000001-0000-0000-0000-000000000001', '2025-09-14 17:30:00', 'Crotone Regionale', 'Casa', 1, 'Da disputare'),
    ('b0000005-0000-0000-0000-000000000005', 'e1000001-0000-0000-0000-000000000001', '2025-09-21 17:30:00', 'Cosenza Academy', 'Trasferta', 2, 'Da disputare'),
    ('b0000005-0000-0000-0000-000000000005', 'e1000001-0000-0000-0000-000000000001', '2025-09-28 17:30:00', 'Potenza Youth', 'Casa', 3, 'Da disputare'),
    ('b0000005-0000-0000-0000-000000000005', 'e1000001-0000-0000-0000-000000000001', '2025-10-05 17:00:00', 'Monopoli Regionale', 'Trasferta', 4, 'Da disputare'),
    ('b0000005-0000-0000-0000-000000000005', 'e1000001-0000-0000-0000-000000000001', '2025-10-12 17:00:00', 'Barletta Academy', 'Casa', 5, 'Da disputare'),
    ('b0000005-0000-0000-0000-000000000005', 'e1000001-0000-0000-0000-000000000001', '2025-10-19 17:00:00', 'Andria United', 'Trasferta', 6, 'Da disputare'),
    ('b0000005-0000-0000-0000-000000000005', 'e1000001-0000-0000-0000-000000000001', '2025-10-26 16:30:00', 'Cerignola U17', 'Casa', 7, 'Da disputare'),
    ('b0000005-0000-0000-0000-000000000005', 'e1000001-0000-0000-0000-000000000001', '2025-11-02 16:30:00', 'Altamura Academy', 'Trasferta', 8, 'Da disputare'),
    ('b0000005-0000-0000-0000-000000000005', 'e1000001-0000-0000-0000-000000000001', '2025-11-09 16:30:00', 'Trani Regionale', 'Casa', 9, 'Da disputare'),
    ('b0000005-0000-0000-0000-000000000005', 'e1000001-0000-0000-0000-000000000001', '2025-11-16 16:00:00', 'Fasano U17', 'Trasferta', 10, 'Da disputare'),
    ('b0000005-0000-0000-0000-000000000005', 'e1000001-0000-0000-0000-000000000001', '2025-11-23 16:00:00', 'Brindisi Academy', 'Casa', 11, 'Da disputare'),
    ('b0000005-0000-0000-0000-000000000005', 'e1000001-0000-0000-0000-000000000001', '2025-11-30 16:00:00', 'Lecce Youth', 'Trasferta', 12, 'Da disputare'),
    ('b0000005-0000-0000-0000-000000000005', 'e1000001-0000-0000-0000-000000000001', '2025-12-07 16:00:00', 'Taranto Regionale', 'Casa', 13, 'Da disputare'),
    ('b0000005-0000-0000-0000-000000000005', 'e1000001-0000-0000-0000-000000000001', '2025-12-14 16:00:00', 'Gallipoli Academy', 'Trasferta', 14, 'Da disputare'),
    ('b0000005-0000-0000-0000-000000000005', 'e1000001-0000-0000-0000-000000000001', '2025-12-21 16:00:00', 'Brindisi U17', 'Casa', 15, 'Da disputare');

-- ============================================================
-- 17. ALLENAMENTI (training) - 2 per team per settimana
-- ============================================================

-- SSD New Team U15 - Allenamenti settimanali
INSERT INTO training (team_id, venue_id, data_ora, durata_minuti, tipo, descrizione) VALUES
    ('b0000003-0000-0000-0000-000000000003', 'd0000001-0000-0000-0000-000000000001', '2025-09-02 17:00:00', 90, 'Tattico', 'Schemi tattici e posizionamento'),
    ('b0000003-0000-0000-0000-000000000003', 'd0000001-0000-0000-0000-000000000001', '2025-09-04 17:00:00', 90, 'Tecnico', 'Passaggi e controllo palla'),
    ('b0000003-0000-0000-0000-000000000003', 'd0000001-0000-0000-0000-000000000001', '2025-09-09 17:00:00', 90, 'Fisico', 'Potenziamento muscolare'),
    ('b0000003-0000-0000-0000-000000000003', 'd0000001-0000-0000-0000-000000000001', '2025-09-11 17:00:00', 90, 'Combinato', 'Situazioni di gioco'),
    ('b0000003-0000-0000-0000-000000000003', 'd0000001-0000-0000-0000-000000000001', '2025-09-16 17:00:00', 90, 'Tattico', 'Transizioni offensive'),
    ('b0000003-0000-0000-0000-000000000003', 'd0000001-0000-0000-0000-000000000001', '2025-09-18 17:00:00', 90, 'Tecnico', 'Tiro in porta'),
    ('b0000003-0000-0000-0000-000000000003', 'd0000001-0000-0000-0000-000000000001', '2025-09-23 17:00:00', 90, 'Fisico', 'Resistenza e velocita'),
    ('b0000003-0000-0000-0000-000000000003', 'd0000001-0000-0000-0000-000000000001', '2025-09-25 17:00:00', 90, 'Tattico', 'Difesa posizionale');

-- SSD New Team U16 - Allenamenti settimanali
INSERT INTO training (team_id, venue_id, data_ora, durata_minuti, tipo, descrizione) VALUES
    ('b0000004-0000-0000-0000-000000000004', 'd0000001-0000-0000-0000-000000000001', '2025-09-02 18:30:00', 90, 'Tattico', 'Costruzione dal basso'),
    ('b0000004-0000-0000-0000-000000000004', 'd0000001-0000-0000-0000-000000000001', '2025-09-04 18:30:00', 90, 'Tecnico', 'Dribbling e finte'),
    ('b0000004-0000-0000-0000-000000000004', 'd0000001-0000-0000-0000-000000000001', '2025-09-09 18:30:00', 90, 'Combinato', 'Gestione palla sotto pressione'),
    ('b0000004-0000-0000-0000-000000000004', 'd0000001-0000-0000-0000-000000000001', '2025-09-11 18:30:00', 90, 'Fisico', 'Agilita e rapidita'),
    ('b0000004-0000-0000-0000-000000000004', 'd0000001-0000-0000-0000-000000000001', '2025-09-16 18:30:00', 90, 'Tattico', 'Corner e calci piazzati'),
    ('b0000004-0000-0000-0000-000000000004', 'd0000001-0000-0000-0000-000000000001', '2025-09-18 18:30:00', 90, 'Tecnico', 'Passaggi in spazi stretti');

-- DF Academy U15 - Allenamenti settimanali
INSERT INTO training (team_id, venue_id, data_ora, durata_minuti, tipo, descrizione) VALUES
    ('b0000002-0000-0000-0000-000000000002', 'd0000003-0000-0000-0000-000000000003', '2025-09-01 17:30:00', 90, 'Tattico', 'Organizzazione di gioco'),
    ('b0000002-0000-0000-0000-000000000002', 'd0000003-0000-0000-0000-000000000003', '2025-09-03 17:30:00', 90, 'Tecnico', 'Controllo e prima touch'),
    ('b0000002-0000-0000-0000-000000000002', 'd0000003-0000-0000-0000-000000000003', '2025-09-08 17:30:00', 90, 'Fisico', 'Preparazione atletica'),
    ('b0000002-0000-0000-0000-000000000002', 'd0000003-0000-0000-0000-000000000003', '2025-09-10 17:30:00', 90, 'Combinato', 'Partitella a tema'),
    ('b0000002-0000-0000-0000-000000000002', 'd0000003-0000-0000-0000-000000000003', '2025-09-15 17:30:00', 90, 'Tattico', 'Attacco posizionale'),
    ('b0000002-0000-0000-0000-000000000002', 'd0000003-0000-0000-0000-000000000003', '2025-09-17 17:30:00', 90, 'Tecnico', 'Tecnica individuale');

-- ACP Annex U16 - Allenamenti settimanali
INSERT INTO training (team_id, venue_id, data_ora, durata_minuti, tipo, descrizione) VALUES
    ('b0000001-0000-0000-0000-000000000001', 'd0000002-0000-0000-0000-000000000002', '2025-09-01 18:00:00', 90, 'Tattico', 'Modulo di gioco 4-3-3'),
    ('b0000001-0000-0000-0000-000000000001', 'd0000002-0000-0000-0000-000000000002', '2025-09-03 18:00:00', 90, 'Tecnico', 'Esercizi sul possesso palla'),
    ('b0000001-0000-0000-0000-000000000001', 'd0000002-0000-0000-0000-000000000002', '2025-09-08 18:00:00', 90, 'Combinato', 'Transizioni 1v1'),
    ('b0000001-0000-0000-0000-000000000001', 'd0000002-0000-0000-0000-000000000002', '2025-09-10 18:00:00', 90, 'Fisico', 'Circuiti atletici'),
    ('b0000001-0000-0000-0000-000000000001', 'd0000002-0000-0000-0000-000000000002', '2025-09-15 18:00:00', 90, 'Tattico', 'Difesa a zona'),
    ('b0000001-0000-0000-0000-000000000001', 'd0000002-0000-0000-0000-000000000002', '2025-09-17 18:00:00', 90, 'Tecnico', 'Calci di punizione');

-- ============================================================
-- 18. PRESENZE ALLENAMENTI (training_attendance)
-- ============================================================

-- Presenze SSD New Team U15 (primi 4 allenamenti)
INSERT INTO training_attendance (training_id, team_player_id, presente, motivi_assenza) 
SELECT t.id, tp.id, 
    CASE WHEN random() > 0.15 THEN true ELSE false END,
    CASE WHEN random() <= 0.15 THEN 'Impegni scolastici' ELSE NULL END
FROM training t
CROSS JOIN team_player tp
WHERE tp.team_id = 'b0000003-0000-0000-0000-000000000003'
AND t.team_id = 'b0000003-0000-0000-0000-000000000003'
AND t.data_ora <= '2025-09-12 23:59:59'
ON CONFLICT (training_id, team_player_id) DO NOTHING;

-- Presenze DF Academy U15
INSERT INTO training_attendance (training_id, team_player_id, presente)
SELECT t.id, tp.id, true
FROM training t
CROSS JOIN team_player tp
WHERE tp.team_id = 'b0000002-0000-0000-0000-000000000002'
AND t.team_id = 'b0000002-0000-0000-0000-000000000002'
AND t.data_ora <= '2025-09-12 23:59:59'
ON CONFLICT (training_id, team_player_id) DO NOTHING;

-- Presenze ACP Annex U16
INSERT INTO training_attendance (training_id, team_player_id, presente)
SELECT t.id, tp.id, true
FROM training t
CROSS JOIN team_player tp
WHERE tp.team_id = 'b0000001-0000-0000-0000-000000000001'
AND t.team_id = 'b0000001-0000-0000-0000-000000000001'
AND t.data_ora <= '2025-09-12 23:59:59'
ON CONFLICT (training_id, team_player_id) DO NOTHING;

-- ============================================================
-- 19. DOCUMENTI (document) - Documenti giocatori
-- ============================================================

-- Documenti medici di esempio
INSERT INTO document (tipo, entita_tipo, entita_id, file_url, nome_file, scadenza) VALUES
    ('Certificato Medico', 'player', (SELECT id FROM player ORDER BY random() LIMIT 1), '/docs/medici/cert_001.pdf', 'Certificato medico 2025', '2026-06-30'),
    ('Documento Identita', 'player', (SELECT id FROM player ORDER BY random() LIMIT 1), '/docs/documenti/doc_002.pdf', 'Carta identita', NULL),
    ('Tesserino FIGC', 'player', (SELECT id FROM player ORDER BY random() LIMIT 1), '/docs/figc/tess_003.pdf', 'Tesserino federale', '2026-12-31'),
    ('Modulo Privacy', 'player', (SELECT id FROM player ORDER BY random() LIMIT 1), '/docs/privacy/priv_004.pdf', 'Informativa privacy firmata', NULL),
    ('Certificato Medico', 'player', (SELECT id FROM player ORDER BY random() LIMIT 1), '/docs/medici/cert_005.pdf', 'Certificato medico 2025', '2026-06-30');

-- ============================================================
-- 20. CONVOCAZIONI DI ESEMPIO (per partite future)
-- ============================================================

-- Convocazioni per SSD New Team U15 (solo alcune partite future)
INSERT INTO convocation (match_id, team_player_id, convocato_da, presente)
SELECT m.id, tp.id, 'e0000001-0000-0000-0000-000000000001', NULL
FROM match m
CROSS JOIN team_player tp
WHERE tp.team_id = 'b0000003-0000-0000-0000-000000000003'
AND m.team_id = 'b0000003-0000-0000-0000-000000000003'
AND m.stato = 'Da disputare'
AND tp.is_primary = true
LIMIT 55
ON CONFLICT (match_id, team_player_id) DO NOTHING;

-- Convocazioni per DF Academy U15
INSERT INTO convocation (match_id, team_player_id, convocato_da, presente)
SELECT m.id, tp.id, 'e0000005-0000-0000-0000-000000000005', NULL
FROM match m
CROSS JOIN team_player tp
WHERE tp.team_id = 'b0000002-0000-0000-0000-000000000002'
AND m.team_id = 'b0000002-0000-0000-0000-000000000002'
AND m.stato = 'Da disputare'
AND tp.is_primary = true
LIMIT 55
ON CONFLICT (match_id, team_player_id) DO NOTHING;

-- Convocazioni per ACP Annex U16
INSERT INTO convocation (match_id, team_player_id, convocato_da, presente)
SELECT m.id, tp.id, 'e0000007-0000-0000-0000-000000000007', NULL
FROM match m
CROSS JOIN team_player tp
WHERE tp.team_id = 'b0000001-0000-0000-0000-000000000001'
AND m.team_id = 'b0000001-0000-0000-0000-000000000001'
AND m.stato = 'Da disputare'
AND tp.is_primary = true
LIMIT 55
ON CONFLICT (match_id, team_player_id) DO NOTHING;

-- ============================================================
-- 21. EVENTI PARTITA (match_event) - Esempi per partite concluse
-- ============================================================

-- Per simulare partite concluse, aggiorniamo alcune partite e aggiungiamo eventi
-- Prima aggiorniamo lo stato di alcune partite
UPDATE match SET stato = 'Terminata', gol_casa = 2, gol_ospite = 1 WHERE id IN (
    (SELECT id FROM match WHERE team_id = 'b0000003-0000-0000-0000-000000000003' ORDER BY data_ora LIMIT 1),
    (SELECT id FROM match WHERE team_id = 'b0000004-0000-0000-0000-000000000004' ORDER BY data_ora LIMIT 1),
    (SELECT id FROM match WHERE team_id = 'b0000002-0000-0000-0000-000000000002' ORDER BY data_ora LIMIT 1)
);

-- Eventi per SSD New Team U15 (partita 1)
INSERT INTO match_event (match_id, tipo_evento, minuto, player_id)
SELECT
    (SELECT id FROM match WHERE team_id = 'b0000003-0000-0000-0000-000000000003' ORDER BY data_ora LIMIT 1),
    tipo_evento, minuto, tp.id
FROM (VALUES
    ('Gol', 15),
    ('Gol', 32),
    ('Assist', 32),
    ('Ammonizione', 45),
    ('Gol', 67),
    ('Espulsione', 78)
) AS e(tipo_evento, minuto)
CROSS JOIN (SELECT id FROM team_player WHERE team_id = 'b0000003-0000-0000-0000-000000000003' ORDER BY random() LIMIT 6) tp;

-- Eventi per SSD New Team U16 (partita 1)
INSERT INTO match_event (match_id, tipo_evento, minuto, player_id)
SELECT
    (SELECT id FROM match WHERE team_id = 'b0000004-0000-0000-0000-000000000004' ORDER BY data_ora LIMIT 1),
    tipo_evento, minuto, tp.id
FROM (VALUES
    ('Gol', 10),
    ('Gol', 25),
    ('Ammonizione', 38),
    ('Gol', 55),
    ('Assist', 55),
    ('Gol', 80)
) AS e(tipo_evento, minuto)
CROSS JOIN (SELECT id FROM team_player WHERE team_id = 'b0000004-0000-0000-0000-000000000004' ORDER BY random() LIMIT 6) tp;

-- Eventi per DF Academy U15 (partita 1)
INSERT INTO match_event (match_id, tipo_evento, minuto, player_id)
SELECT
    (SELECT id FROM match WHERE team_id = 'b0000002-0000-0000-0000-000000000002' ORDER BY data_ora LIMIT 1),
    tipo_evento, minuto, tp.id
FROM (VALUES
    ('Gol', 22),
    ('Assist', 22),
    ('Gol', 48),
    ('Ammonizione', 60),
    ('Gol', 75)
) AS e(tipo_evento, minuto)
CROSS JOIN (SELECT id FROM team_player WHERE team_id = 'b0000002-0000-0000-0000-000000000002' ORDER BY random() LIMIT 5) tp;

-- ============================================================
-- 22. FORMAZIONI (match_formation) - Per partite concluse
-- ============================================================

-- Formazione SSD New Team U15
INSERT INTO match_formation (match_id, team_player_id, posizione, numero_maglia, is_captain, is_starter)
SELECT 
    (SELECT id FROM match WHERE team_id = 'b0000003-0000-0000-0000-000000000003' ORDER BY data_ora LIMIT 1),
    id, posizione, numero_maglia, is_captain, is_starter
FROM (
    VALUES
        ('Portiere', 1, true, true),
        ('Difensore', 2, false, true),
        ('Difensore', 3, false, true),
        ('Difensore', 4, false, true),
        ('Difensore', 5, false, true),
        ('Centrocampista', 6, false, true),
        ('Centrocampista', 7, false, true),
        ('Centrocampista', 8, false, true),
        ('Attaccante', 9, false, true),
        ('Attaccante', 10, false, true),
        ('Attaccante', 11, false, true),
        ('Portiere', 12, false, false),
        ('Difensore', 13, false, false),
        ('Centrocampista', 14, false, false)
) AS f(posizione, numero_maglia, is_captain, is_starter)
CROSS JOIN (
    SELECT id, numero_maglia FROM team_player 
    WHERE team_id = 'b0000003-0000-0000-0000-000000000003' 
    ORDER BY random() LIMIT 14
) tp
ON CONFLICT DO NOTHING;

-- ============================================================
-- 23. STATISTICHE PARTITA (match_statistics) - Per partite concluse
-- ============================================================

INSERT INTO match_statistics (match_id, team_player_id, minuti_giocati, gol, assist, tiri, passaggi, ammonizioni)
SELECT 
    (SELECT id FROM match WHERE team_id = 'b0000003-0000-0000-0000-000000000003' ORDER BY data_ora LIMIT 1),
    tp.id,
    floor(random() * 45 + 45)::int,
    floor(random() * 2)::int,
    floor(random() * 2)::int,
    floor(random() * 5)::int,
    floor(random() * 30 + 20)::int,
    floor(random() * 2)::int
FROM team_player tp
WHERE tp.team_id = 'b0000003-0000-0000-0000-000000000003'
LIMIT 11
ON CONFLICT DO NOTHING;

-- ============================================================
-- VERIFICA FINALE
-- ============================================================

SELECT 'Popolamento COMPLETO!' AS status;

SELECT 'Categorie:' AS info, COUNT(*) AS count FROM category;
SELECT 'Competizioni:' AS info, COUNT(*) AS count FROM competition;
SELECT 'Stagioni:' AS info, COUNT(*) AS count FROM season;
SELECT 'Facility:' AS info, COUNT(*) AS count FROM facility;
SELECT 'Staff:' AS info, COUNT(*) AS count FROM staff;
SELECT 'Team:' AS info, COUNT(*) AS count FROM team;
SELECT 'Team Staff:' AS info, COUNT(*) AS count FROM team_staff;
SELECT 'Players:' AS info, COUNT(*) AS count FROM player;
SELECT 'Team Players:' AS info, COUNT(*) AS count FROM team_player;
SELECT 'Partite:' AS info, COUNT(*) AS count FROM match;
SELECT 'Allenamenti:' AS info, COUNT(*) AS count FROM training;
SELECT 'Presenze Allenamenti:' AS info, COUNT(*) AS count FROM training_attendance;
SELECT 'Convocazioni:' AS info, COUNT(*) AS count FROM convocation;
SELECT 'Documenti:' AS info, COUNT(*) AS count FROM document;
SELECT 'Eventi Partita:' AS info, COUNT(*) AS count FROM match_event;
SELECT 'Formazioni:' AS info, COUNT(*) AS count FROM match_formation;
SELECT 'Statistiche Partita:' AS info, COUNT(*) AS count FROM match_statistics;
