-- ============================================
-- YOUTH FOOTBALL MANAGER - DEMO DATA
-- ASD Green Academy - Dati completamente isolati
-- Schema verificato su Supabase
-- ============================================

-- 1. WORKSPACE DEMO
INSERT INTO workspace (id, nome, logo_url, data_creazione)
VALUES (
  '00000000-0000-0000-0000-000000000001',
  'ASD Green Academy',
  NULL,
  NOW()
) ON CONFLICT (id) DO NOTHING;

-- 2. STAGIONE DEMO
INSERT INTO stagione (id, workspace_id, nome, data_inizio, data_fine, is_attiva)
VALUES (
  '00000000-0000-0000-0000-000000000002',
  '00000000-0000-0000-0000-000000000001',
  '2025/26',
  '2025-07-01',
  '2026-06-30',
  true
) ON CONFLICT (id) DO NOTHING;

-- 3. SQUADRE DEMO
INSERT INTO squadra (id, stagione_id, nome, categoria, allenatore, dirigente)
VALUES
  ('00000000-0000-0000-0000-000000000010', '00000000-0000-0000-0000-000000000002', 'Green Academy', 'Primavera', 'Marco Rossi', 'Giuseppe Bianchi'),
  ('00000000-0000-0000-0000-000000000011', '00000000-0000-0000-0000-000000000002', 'Green Academy', 'Allievi B', 'Alessandro Verdi', 'Luigi Neri')
ON CONFLICT (id) DO NOTHING;

-- 4. GIOCATORI DEMO (20 giocatori)
INSERT INTO calciatore (id, workspace_id, nome, cognome, data_nascita, luogo_nascita, tipo_documento, numero_documento, rilasciato_da, telefono)
VALUES
  ('00000000-0000-0001-0000-000000000001', '00000000-0000-0000-0000-000000000001', 'Lorenzo', 'Conti', '2008-03-15', 'Roma', 'CI', 'GA001', 'FIGC', '3331000001'),
  ('00000000-0000-0001-0000-000000000002', '00000000-0000-0000-0000-000000000001', 'Alessandro', 'Ferrari', '2008-05-22', 'Roma', 'CI', 'GA002', 'FIGC', '3331000002'),
  ('00000000-0000-0001-0000-000000000003', '00000000-0000-0000-0000-000000000001', 'Mattia', 'Ricci', '2008-01-10', 'Roma', 'CI', 'GA003', 'FIGC', '3331000003'),
  ('00000000-0000-0001-0000-000000000004', '00000000-0000-0000-0000-000000000001', 'Luca', 'Marino', '2008-07-08', 'Roma', 'CI', 'GA004', 'FIGC', '3331000004'),
  ('00000000-0000-0001-0000-000000000005', '00000000-0000-0000-0000-000000000001', 'Davide', 'Costa', '2008-02-28', 'Roma', 'CI', 'GA005', 'FIGC', '3331000005'),
  ('00000000-0000-0001-0000-000000000006', '00000000-0000-0000-0000-000000000001', 'Federico', 'Lombardi', '2008-09-14', 'Roma', 'CI', 'GA006', 'FIGC', '3331000006'),
  ('00000000-0000-0001-0000-000000000007', '00000000-0000-0000-0000-000000000001', 'Simone', 'Barbieri', '2008-11-03', 'Roma', 'CI', 'GA007', 'FIGC', '3331000007'),
  ('00000000-0000-0001-0000-000000000008', '00000000-0000-0000-0000-000000000001', 'Andrea', 'Mancini', '2008-04-19', 'Roma', 'CI', 'GA008', 'FIGC', '3331000008'),
  ('00000000-0000-0001-0000-000000000009', '00000000-0000-0000-0000-000000000001', 'Gabriele', 'Santoro', '2008-06-25', 'Roma', 'CI', 'GA009', 'FIGC', '3331000009'),
  ('00000000-0000-0001-0000-000000000010', '00000000-0000-0000-0000-000000000001', 'Nicolo', 'Romano', '2008-08-12', 'Roma', 'CI', 'GA010', 'FIGC', '3331000010'),
  ('00000000-0000-0001-0000-000000000011', '00000000-0000-0000-0000-000000000001', 'Filippo', 'Colombo', '2008-12-05', 'Roma', 'CI', 'GA011', 'FIGC', '3331000011'),
  ('00000000-0000-0001-0000-000000000012', '00000000-0000-0000-0000-000000000001', 'Tommaso', 'Bruno', '2008-03-30', 'Roma', 'CI', 'GA012', 'FIGC', '3331000012'),
  ('00000000-0000-0001-0000-000000000013', '00000000-0000-0000-0000-000000000001', 'Edoardo', 'Rizzo', '2008-10-18', 'Roma', 'CI', 'GA013', 'FIGC', '3331000013'),
  ('00000000-0000-0001-0000-000000000014', '00000000-0000-0000-0000-000000000001', 'Giovanni', 'Marchetti', '2008-01-22', 'Roma', 'CI', 'GA014', 'FIGC', '3331000014'),
  ('00000000-0000-0001-0000-000000000015', '00000000-0000-0000-0000-000000000001', 'Pietro', 'Caruso', '2008-07-09', 'Roma', 'CI', 'GA015', 'FIGC', '3331000015'),
  ('00000000-0000-0001-0000-000000000016', '00000000-0000-0000-0000-000000000001', 'Leonardo', 'Ferraro', '2008-05-14', 'Roma', 'CI', 'GA016', 'FIGC', '3331000016'),
  ('00000000-0000-0001-0000-000000000017', '00000000-0000-0000-0000-000000000001', 'Stefano', 'Grasso', '2008-09-28', 'Roma', 'CI', 'GA017', 'FIGC', '3331000017'),
  ('00000000-0000-0001-0000-000000000018', '00000000-0000-0000-0000-000000000001', 'Riccardo', 'Vitale', '2008-02-11', 'Roma', 'CI', 'GA018', 'FIGC', '3331000018'),
  ('00000000-0000-0001-0000-000000000019', '00000000-0000-0000-0000-000000000001', 'Manuel', 'Sorrentino', '2008-04-07', 'Roma', 'CI', 'GA019', 'FIGC', '3331000019'),
  ('00000000-0000-0001-0000-000000000020', '00000000-0000-0000-0000-000000000001', 'Samuele', 'De Angelis', '2008-11-16', 'Roma', 'CI', 'GA020', 'FIGC', '3331000020')
ON CONFLICT (id) DO NOTHING;

-- 5. ROSA (20 giocatori nella Primavera)
INSERT INTO rosa (id, squadra_id, calciatore_id, numero_maglia, ruolo, stato)
VALUES
  ('00000000-0000-0002-0000-000000000001', '00000000-0000-0000-0000-000000000010', '00000000-0000-0001-0000-000000000001', 1, 'Portiere', 'Attivo'),
  ('00000000-0000-0002-0000-000000000002', '00000000-0000-0000-0000-000000000010', '00000000-0000-0001-0000-000000000002', 2, 'Difensore', 'Attivo'),
  ('00000000-0000-0002-0000-000000000003', '00000000-0000-0000-0000-000000000010', '00000000-0000-0001-0000-000000000003', 3, 'Difensore', 'Attivo'),
  ('00000000-0000-0002-0000-000000000004', '00000000-0000-0000-0000-000000000010', '00000000-0000-0001-0000-000000000004', 4, 'Difensore', 'Attivo'),
  ('00000000-0000-0002-0000-000000000005', '00000000-0000-0000-0000-000000000010', '00000000-0000-0001-0000-000000000005', 5, 'Difensore', 'Attivo'),
  ('00000000-0000-0002-0000-000000000006', '00000000-0000-0000-0000-000000000010', '00000000-0000-0001-0000-000000000006', 6, 'Centrocampista', 'Attivo'),
  ('00000000-0000-0002-0000-000000000007', '00000000-0000-0000-0000-000000000010', '00000000-0000-0001-0000-000000000007', 7, 'Centrocampista', 'Attivo'),
  ('00000000-0000-0002-0000-000000000008', '00000000-0000-0000-0000-000000000010', '00000000-0000-0001-0000-000000000008', 8, 'Centrocampista', 'Attivo'),
  ('00000000-0000-0002-0000-000000000009', '00000000-0000-0000-0000-000000000010', '00000000-0000-0001-0000-000000000009', 9, 'Attaccante', 'Attivo'),
  ('00000000-0000-0002-0000-000000000010', '00000000-0000-0000-0000-000000000010', '00000000-0000-0001-0000-000000000010', 10, 'Attaccante', 'Attivo'),
  ('00000000-0000-0002-0000-000000000011', '00000000-0000-0000-0000-000000000010', '00000000-0000-0001-0000-000000000011', 11, 'Attaccante', 'Attivo'),
  ('00000000-0000-0002-0000-000000000012', '00000000-0000-0000-0000-000000000010', '00000000-0000-0001-0000-000000000012', 12, 'Portiere', 'Attivo'),
  ('00000000-0000-0002-0000-000000000013', '00000000-0000-0000-0000-000000000010', '00000000-0000-0001-0000-000000000013', 13, 'Difensore', 'Attivo'),
  ('00000000-0000-0002-0000-000000000014', '00000000-0000-0000-0000-000000000010', '00000000-0000-0001-0000-000000000014', 14, 'Centrocampista', 'Attivo'),
  ('00000000-0000-0002-0000-000000000015', '00000000-0000-0000-0000-000000000010', '00000000-0000-0001-0000-000000000015', 15, 'Centrocampista', 'Attivo'),
  ('00000000-0000-0002-0000-000000000016', '00000000-0000-0000-0000-000000000010', '00000000-0000-0001-0000-000000000016', 16, 'Attaccante', 'Attivo'),
  ('00000000-0000-0002-0000-000000000017', '00000000-0000-0000-0000-000000000010', '00000000-0000-0001-0000-000000000017', 17, 'Difensore', 'Attivo'),
  ('00000000-0000-0002-0000-000000000018', '00000000-0000-0000-0000-000000000010', '00000000-0000-0001-0000-000000000018', 18, 'Centrocampista', 'Attivo'),
  ('00000000-0000-0002-0000-000000000019', '00000000-0000-0000-0000-000000000010', '00000000-0000-0001-0000-000000000019', 19, 'Attaccante', 'Attivo'),
  ('00000000-0000-0002-0000-000000000020', '00000000-0000-0000-0000-000000000010', '00000000-0000-0001-0000-000000000020', 20, 'Portiere', 'Attivo')
ON CONFLICT (id) DO NOTHING;

-- 6. PARTITE DEMO (3 passate archiviate, 2 future)
INSERT INTO partita (id, squadra_id, data_ora, avversario, luogo, competizione, giornata, archiviata)
VALUES
  ('00000000-0000-0003-0000-000000000001', '00000000-0000-0000-0000-000000000010', '2025-09-14T15:30:00+00:00', 'ASD Azzurri Roma', 'Casa', 'Campionato Primavera A', 1, true),
  ('00000000-0000-0003-0000-000000000002', '00000000-0000-0000-0000-000000000010', '2025-09-21T15:30:00+00:00', 'FC Torres', 'Trasferta', 'Campionato Primavera A', 2, true),
  ('00000000-0000-0003-0000-000000000003', '00000000-0000-0000-0000-000000000010', '2025-09-28T15:30:00+00:00', 'Juventus Youth', 'Casa', 'Campionato Primavera A', 3, true),
  ('00000000-0000-0003-0000-000000000004', '00000000-0000-0000-0000-000000000010', '2026-10-05T15:30:00+00:00', 'Inter Academy', 'Trasferta', 'Campionato Primavera A', 4, false),
  ('00000000-0000-0003-0000-000000000005', '00000000-0000-0000-0000-000000000010', '2026-10-12T15:30:00+00:00', 'Milan Junior', 'Casa', 'Campionato Primavera A', 5, false)
ON CONFLICT (id) DO NOTHING;

-- 7. EVENTI PARTITA (gol e assist)
INSERT INTO evento_partita (id, partita_id, tipo_evento_codice, calciatore_principale_id, calciatore_secondario_id, minuto)
VALUES
  ('00000000-0000-0004-0000-000000000001', '00000000-0000-0003-0000-000000000001', 'GOAL', '00000000-0000-0001-0000-000000000009', '00000000-0000-0001-0000-000000000007', 23),
  ('00000000-0000-0004-0000-000000000002', '00000000-0000-0003-0000-000000000001', 'GOAL', '00000000-0000-0001-0000-000000000010', NULL, 67),
  ('00000000-0000-0004-0000-000000000003', '00000000-0000-0003-0000-000000000001', 'GOAL', '00000000-0000-0001-0000-000000000003', NULL, 45),
  ('00000000-0000-0004-0000-000000000004', '00000000-0000-0003-0000-000000000001', 'YELLOW', '00000000-0000-0001-0000-000000000005', NULL, 34),
  ('00000000-0000-0004-0000-000000000005', '00000000-0000-0003-0000-000000000002', 'GOAL', '00000000-0000-0001-0000-000000000009', '00000000-0000-0001-0000-000000000010', 12),
  ('00000000-0000-0004-0000-000000000006', '00000000-0000-0003-0000-000000000002', 'GOAL', '00000000-0000-0001-0000-000000000010', NULL, 38),
  ('00000000-0000-0004-0000-000000000007', '00000000-0000-0003-0000-000000000002', 'GOAL', '00000000-0000-0001-0000-000000000011', '00000000-0000-0001-0000-000000000008', 75)
ON CONFLICT (id) DO NOTHING;

-- 8. UTENTE DEMO (password: demo_yfm)
INSERT INTO utente (id, workspace_id, email, password_hash, nome, cognome, ruolo, is_active, is_superadmin)
VALUES (
  '00000000-0000-0005-0000-000000000001',
  '00000000-0000-0000-0000-000000000001',
  'demo_yfm',
  '$2b$12$vQzQcVHqEdVvKK.Y9C6NYeDsbM6Qi0bV8fmEGxEs6zleyNfXW.Xv2',
  'Demo',
  'Allenatore',
  'allenatore',
  true,
  false
) ON CONFLICT (id) DO NOTHING;

-- ============================================
-- ISTRUZIONI:
-- 1. Esegui nel SQL Editor di Supabase
-- 2. Login: demo_yfm / demo_yfm
-- ============================================
