-- ============================================
-- YOUTH FOOTBALL MANAGER - DEMO DATA
-- ASD Green Academy con dati realistici
-- ============================================

-- 1. CREAZIONE WORKSPACE DEMO
INSERT INTO workspace (id, nome, logo_url, indirizzo, telefono, email, created_at)
VALUES (
  '00000000-0000-0000-0000-000000000001',
  'ASD Green Academy',
  NULL,
  'Via dello Sport, 42 - 00100 Roma',
  '+39 06 1234567',
  'info@greenacademy.it',
  NOW()
) ON CONFLICT (id) DO NOTHING;

-- 2. CREAZIONE STAGIONE ATTIVA
INSERT INTO stagione (id, nome, workspace_id, anno_inizio, anno_fine, attiva, created_at)
VALUES (
  '00000000-0000-0000-0000-000000000002',
  'Stagione 2025/2026',
  '00000000-0000-0000-0000-000000000001',
  2025,
  2026,
  true,
  NOW()
) ON CONFLICT (id) DO NOTHING;

-- 3. CREAZIONE SQUADRE (6 categorie)
INSERT INTO squadra (id, workspace_id, stagione_id, nome, categoria, allenatore, dirigente, created_at)
VALUES
  ('00000000-0000-0000-0000-000000000010', '00000000-0000-0000-0000-000000000001', '00000000-0000-0000-0000-000000000002', 'Green Academy', 'PRIMAVERA', 'Marco Rossi', 'Giuseppe Bianchi', NOW()),
  ('00000000-0000-0000-0000-000000000011', '00000000-0000-0000-0000-000000000001', '00000000-0000-0000-0000-000000000002', 'Green Academy', 'ALLIEVI B', 'Alessandro Verdi', 'Luigi Neri', NOW()),
  ('00000000-0000-0000-0000-000000000012', '00000000-0000-0000-0000-000000000001', '00000000-0000-0000-0000-000000000002', 'Green Academy', 'GIOVANISSIMI B', 'Roberto Gialli', 'Paolo Blu', NOW()),
  ('00000000-0000-0000-0000-000000000013', '00000000-0000-0000-0000-000000000001', '00000000-0000-0000-0000-000000000002', 'Green Academy', 'ESORDIENTI', 'Francesco Azzurri', 'Antonio Rossi', NOW()),
  ('00000000-0000-0000-0000-000000000014', '00000000-0000-0000-0000-000000000001', '00000000-0000-0000-0000-000000000002', 'Green Academy', 'PULCINI', 'Sergio Marroni', 'Giovanni Verdone', NOW()),
  ('00000000-0000-0000-0000-000000000015', '00000000-0000-0000-0000-000000000001', '00000000-0000-0000-0000-000000000002', 'Green Academy', 'PRIMI CALCI', 'Luca Turchi', 'Dario Costantini', NOW())
ON CONFLICT (id) DO NOTHING;

-- 4. CREAZIONE GIOCATORI (20 per la Primavera come esempio)
INSERT INTO calciatore (id, workspace_id, nome, cognome, data_nascita, telefono, data_visita_medica, tipo_documento, numero_documento, created_at)
VALUES
  ('00000000-0000-0000-0001-000000000001', '00000000-0000-0000-0000-000000000001', 'Lorenzo', 'Conti', '2008-03-15', '3331234561', '2025-06-01', 'CI', 'AR123456', NOW()),
  ('00000000-0000-0000-0001-000000000002', '00000000-0000-0000-0000-000000000001', 'Alessandro', 'Ferrari', '2008-05-22', '3331234562', '2025-05-15', 'CI', 'AR123457', NOW()),
  ('00000000-0000-0000-0001-000000000003', '00000000-0000-0000-0000-000000000001', 'Mattia', 'Ricci', '2008-01-10', '3331234563', '2025-04-20', 'CI', 'AR123458', NOW()),
  ('00000000-0000-0000-0001-000000000004', '00000000-0000-0000-0000-000000000001', 'Luca', 'Marino', '2008-07-08', '3331234564', '2025-06-10', 'CI', 'AR123459', NOW()),
  ('00000000-0000-0000-0001-000000000005', '00000000-0000-0000-0000-000000000001', 'Davide', 'Costa', '2008-02-28', '3331234565', '2025-03-25', 'CI', 'AR123460', NOW()),
  ('00000000-0000-0000-0001-000000000006', '00000000-0000-0000-0000-000000000001', 'Federico', 'Lombardi', '2008-09-14', '3331234566', '2025-05-30', 'CI', 'AR123461', NOW()),
  ('00000000-0000-0000-0001-000000000007', '00000000-0000-0000-0000-000000000001', 'Simone', 'Barbieri', '2008-11-03', '3331234567', '2025-04-15', 'CI', 'AR123462', NOW()),
  ('00000000-0000-0000-0001-000000000008', '00000000-0000-0000-0000-000000000001', 'Andrea', 'Mancini', '2008-04-19', '3331234568', '2025-06-05', 'CI', 'AR123463', NOW()),
  ('00000000-0000-0000-0001-000000000009', '00000000-0000-0000-0000-000000000001', 'Gabriele', 'Santoro', '2008-06-25', '3331234569', '2025-05-20', 'CI', 'AR123464', NOW()),
  ('00000000-0000-0000-0001-000000000010', '00000000-0000-0000-0000-000000000001', 'Nicolo', 'Romano', '2008-08-12', '3331234570', '2025-04-30', 'CI', 'AR123465', NOW()),
  ('00000000-0000-0000-0001-000000000011', '00000000-0000-0000-0000-000000000001', 'Filippo', 'Colombo', '2008-12-05', '3331234571', '2025-06-08', 'CI', 'AR123466', NOW()),
  ('00000000-0000-0000-0001-000000000012', '00000000-0000-0000-0000-000000000001', 'Tommaso', 'Bruno', '2008-03-30', '3331234572', '2025-05-25', 'CI', 'AR123467', NOW()),
  ('00000000-0000-0000-0001-000000000013', '00000000-0000-0000-0000-000000000001', 'Edoardo', 'Rizzo', '2008-10-18', '3331234573', '2025-04-10', 'CI', 'AR123468', NOW()),
  ('00000000-0000-0000-0001-000000000014', '00000000-0000-0000-0000-000000000001', 'Giovanni', 'Marchetti', '2008-01-22', '3331234574', '2025-06-12', 'CI', 'AR123469', NOW()),
  ('00000000-0000-0000-0001-000000000015', '00000000-0000-0000-0000-000000000001', 'Pietro', 'Caruso', '2008-07-09', '3331234575', '2025-05-18', 'CI', 'AR123470', NOW()),
  ('00000000-0000-0000-0001-000000000016', '00000000-0000-0000-0000-000000000001', 'Leonardo', 'Ferraro', '2008-05-14', '3331234576', '2025-04-25', 'CI', 'AR123471', NOW()),
  ('00000000-0000-0000-0001-000000000017', '00000000-0000-0000-0000-000000000001', 'Stefano', 'Grasso', '2008-09-28', '3331234577', '2025-06-03', 'CI', 'AR123472', NOW()),
  ('00000000-0000-0000-0001-000000000018', '00000000-0000-0000-0000-000000000001', 'Riccardo', 'Vitale', '2008-02-11', '3331234578', '2025-05-22', 'CI', 'AR123473', NOW()),
  ('00000000-0000-0000-0001-000000000019', '00000000-0000-0000-0000-000000000001', 'Manuel', 'Sorrentino', '2008-04-07', '3331234579', '2025-04-18', 'CI', 'AR123474', NOW()),
  ('00000000-0000-0000-0001-000000000020', '00000000-0000-0000-0000-000000000001', 'Samuele', 'De Angelis', '2008-11-16', '3331234580', '2025-06-07', 'CI', 'AR123475', NOW())
ON CONFLICT (id) DO NOTHING;

-- 5. CREAZIONE ROSA (Primavera)
INSERT INTO rosa (squadra_id, calciatore_id, numero_maglia, ruolo, stato, created_at)
VALUES
  ('00000000-0000-0000-0000-000000000010', '00000000-0000-0000-0001-000000000001', 1, 'POR', 'Attivo', NOW()),
  ('00000000-0000-0000-0000-000000000010', '00000000-0000-0000-0001-000000000002', 2, 'DIF', 'Attivo', NOW()),
  ('00000000-0000-0000-0000-000000000010', '00000000-0000-0000-0001-000000000003', 3, 'DIF', 'Attivo', NOW()),
  ('00000000-0000-0000-0000-000000000010', '00000000-0000-0000-0001-000000000004', 4, 'DIF', 'Attivo', NOW()),
  ('00000000-0000-0000-0000-000000000010', '00000000-0000-0000-0001-000000000005', 5, 'DIF', 'Attivo', NOW()),
  ('00000000-0000-0000-0000-000000000010', '00000000-0000-0000-0001-000000000006', 6, 'CEN', 'Attivo', NOW()),
  ('00000000-0000-0000-0000-000000000010', '00000000-0000-0000-0001-000000000007', 7, 'CEN', 'Attivo', NOW()),
  ('00000000-0000-0000-0000-000000000010', '00000000-0000-0000-0001-000000000008', 8, 'CEN', 'Attivo', NOW()),
  ('00000000-0000-0000-0000-000000000010', '00000000-0000-0000-0001-000000000009', 9, 'ATT', 'Attivo', NOW()),
  ('00000000-0000-0000-0000-000000000010', '00000000-0000-0000-0001-000000000010', 10, 'ATT', 'Attivo', NOW()),
  ('00000000-0000-0000-0000-000000000010', '00000000-0000-0000-0001-000000000011', 11, 'ATT', 'Attivo', NOW()),
  ('00000000-0000-0000-0000-000000000010', '00000000-0000-0000-0001-000000000012', 12, 'POR', 'Attivo', NOW()),
  ('00000000-0000-0000-0000-000000000010', '00000000-0000-0000-0001-000000000013', 13, 'DIF', 'Attivo', NOW()),
  ('00000000-0000-0000-0000-000000000010', '00000000-0000-0000-0001-000000000014', 14, 'CEN', 'Attivo', NOW()),
  ('00000000-0000-0000-0000-000000000010', '00000000-0000-0000-0001-000000000015', 15, 'CEN', 'Attivo', NOW()),
  ('00000000-0000-0000-0000-000000000010', '00000000-0000-0000-0001-000000000016', 16, 'ATT', 'Attivo', NOW()),
  ('00000000-0000-0000-0000-000000000010', '00000000-0000-0000-0001-000000000017', 17, 'DIF', 'Attivo', NOW()),
  ('00000000-0000-0000-0000-000000000010', '00000000-0000-0000-0001-000000000018', 18, 'CEN', 'Attivo', NOW()),
  ('00000000-0000-0000-0000-000000000010', '00000000-0000-0000-0001-000000000019', 19, 'ATT', 'Attivo', NOW()),
  ('00000000-0000-0000-0000-000000000010', '00000000-0000-0000-0001-000000000020', 20, 'POR', 'Attivo', NOW())
ON CONFLICT DO NOTHING;

-- 6. CREAZIONE PARTITE (3 passate, 2 future, 1 in corso)
-- Partite passate
INSERT INTO partita (id, squadra_id, data_ora, avversario, competizione, giornata, gol_casa, gol_ospite, luogo, archiviata, created_at)
VALUES
  ('00000000-0000-0000-0002-000000000001', '00000000-0000-0000-0000-000000000010', '2025-09-14 15:30:00', 'ASD Azzurri Roma', 'Campionato Primavera A', 1, 2, 1, 'Casa', true, NOW()),
  ('00000000-0000-0000-0002-000000000002', '00000000-0000-0000-0000-000000000010', '2025-09-21 15:30:00', 'FC Torres', 'Campionato Primavera A', 2, 3, 0, 'Trasferta', true, NOW()),
  ('00000000-0000-0000-0002-000000000003', '00000000-0000-0000-0000-000000000010', '2025-09-28 15:30:00', ' Juventus Youth', 'Campionato Primavera A', 3, 1, 1, 'Casa', true, NOW()),
  ('00000000-0000-0000-0002-000000000004', '00000000-0000-0000-0000-000000000010', '2025-10-05 15:30:00', 'Inter Academy', 'Campionato Primavera A', 4, NULL, NULL, 'Trasferta', false, NOW()),
  ('00000000-0000-0000-0002-000000000005', '00000000-0000-0000-0000-000000000010', '2025-10-12 15:30:00', 'Milan Junior', 'Campionato Primavera A', 5, NULL, NULL, 'Casa', false, NOW())
ON CONFLICT (id) DO NOTHING;

-- 7. EVENTI PARTITA (partita 1)
INSERT INTO evento_partita (partita_id, calciatore_id, tipo, minuto, assist, created_at)
VALUES
  ('00000000-0000-0000-0002-000000000001', '00000000-0000-0000-0001-000000000009', 'GOAL', 23, '00000000-0000-0000-0001-000000000007', NOW()),
  ('00000000-0000-0000-0002-000000000001', '00000000-0000-0000-0001-000000000010', 'GOAL', 67, NULL, NOW()),
  ('00000000-0000-0000-0002-000000000001', '00000000-0000-0000-0001-000000000003', 'SUBITO', 45, NULL, NOW()),
  ('00000000-0000-0000-0002-000000000001', '00000000-0000-0000-0001-000000000005', 'YELLOW', 34, NULL, NOW()),
  ('00000000-0000-0000-0002-000000000001', '00000000-0000-0000-0001-000000000008', 'IN', 46, NULL, NOW()),
  ('00000000-0000-0000-0002-000000000001', '00000000-0000-0000-0001-000000000006', 'OUT', 46, NULL, NOW())
ON CONFLICT DO NOTHING;

-- Eventi partita 2
INSERT INTO evento_partita (partita_id, calciatore_id, tipo, minuto, assist, created_at)
VALUES
  ('00000000-0000-0000-0002-000000000002', '00000000-0000-0000-0001-000000000009', 'GOAL', 12, '00000000-0000-0000-0001-000000000010', NOW()),
  ('00000000-0000-0000-0002-000000000002', '00000000-0000-0000-0001-000000000010', 'GOAL', 38, NULL, NOW()),
  ('00000000-0000-0000-0002-000000000002', '00000000-0000-0000-0001-000000000011', 'GOAL', 75, '00000000-0000-0000-0001-000000000008', NOW()),
  ('00000000-0000-0000-0002-000000000002', '00000000-0000-0000-0001-000000000002', 'YELLOW', 55, NULL, NOW())
ON CONFLICT DO NOTHING;

-- 8. VALUTAZIONI PARTITA (partita 1)
INSERT INTO valutazione_partita (partita_id, calciatore_id, voto, nota_allenatore, created_at)
VALUES
  ('00000000-0000-0000-0002-000000000001', '00000000-0000-0000-0001-000000000001', 6.5, 'Sicuro, poco impegnato', NOW()),
  ('00000000-0000-0000-0002-000000000001', '00000000-0000-0000-0001-000000000002', 6.0, 'Serio ma impreciso', NOW()),
  ('00000000-0000-0000-0002-000000000001', '00000000-0000-0000-0001-000000000003', 7.0, 'Buon esordio', NOW()),
  ('00000000-0000-0000-0002-000000000001', '00000000-0000-0000-0001-000000000005', 6.0, 'Ammonito, impreciso', NOW()),
  ('00000000-0000-0000-0002-000000000001', '00000000-0000-0000-0001-000000000007', 6.5, NULL, NOW()),
  ('00000000-0000-0000-0002-000000000001', '00000000-0000-0000-0001-000000000008', 7.5, 'Entrato bene', NOW()),
  ('00000000-0000-0000-0002-000000000001', '00000000-0000-0000-0001-000000000009', 8.0, 'MVP - Doppietta', NOW()),
  ('00000000-0000-0000-0002-000000000001', '00000000-0000-0000-0001-000000000010', 7.5, 'Gol e assist', NOW())
ON CONFLICT DO NOTHING;

-- 9. CONVOCAZIONI per partita futura
INSERT INTO convocazione (partita_id, calciatore_id, convocato, created_at)
VALUES
  ('00000000-0000-0000-0002-000000000004', '00000000-0000-0000-0001-000000000001', true, NOW()),
  ('00000000-0000-0000-0002-000000000004', '00000000-0000-0000-0001-000000000002', true, NOW()),
  ('00000000-0000-0000-0002-000000000004', '00000000-0000-0000-0001-000000000003', true, NOW()),
  ('00000000-0000-0000-0002-000000000004', '00000000-0000-0000-0001-000000000004', true, NOW()),
  ('00000000-0000-0000-0002-000000000004', '00000000-0000-0000-0001-000000000005', true, NOW()),
  ('00000000-0000-0000-0002-000000000004', '00000000-0000-0000-0001-000000000006', true, NOW()),
  ('00000000-0000-0000-0002-000000000004', '00000000-0000-0000-0001-000000000007', true, NOW()),
  ('00000000-0000-0000-0002-000000000004', '00000000-0000-0000-0001-000000000008', false, NOW()),
  ('00000000-0000-0000-0002-000000000004', '00000000-0000-0000-0001-000000000009', true, NOW()),
  ('00000000-0000-0000-0002-000000000004', '00000000-0000-0000-0001-000000000010', true, NOW()),
  ('00000000-0000-0000-0002-000000000004', '00000000-0000-0000-0001-000000000011', true, NOW()),
  ('00000000-0000-0000-0002-000000000004', '00000000-0000-0000-0001-000000000012', false, NOW())
ON CONFLICT DO NOTHING;

-- 10. NOTE AVVERSARIO
INSERT INTO note_avversario (squadra_id, avversario, note, created_at)
VALUES 
  ('00000000-0000-0000-0000-000000000010', 'Inter Academy', 'Squadra organizzata, attenta in difesa. Il loro 4-3-3 è equilibrato. Punti deboli: fase difensiva sui calci piazzati.', NOW()),
  ('00000000-0000-0000-0000-000000000010', 'Milan Junior', 'Giovani talentuosi, amano il fraseggio. Attenzione al loro trequartista, molto tecnico.', NOW())
ON CONFLICT DO NOTHING;

-- 11. ALLENAMENTI
INSERT INTO configurazione_allenamento (squadra_id, titolo, descrizione, obiettivi, materiale, durata_minuti, created_at)
VALUES 
  ('00000000-0000-0000-0000-000000000010', 'Tattica: Transizioni', 'Lavoro sulle transizioni difensive e offensive', 'Migliorare la transizione veloce da difesa ad attacco', 'Coni, paletti, divise', 90, NOW()),
  ('00000000-0000-0000-0000-000000000010', 'Tecnica: Passaggi', 'Esercizi sui passaggi in velocità', 'Precisione e rapidità di esecuzione', 'Palle, birilli', 60, NOW())
ON CONFLICT DO NOTHING;

-- 12. UTENTE DEMO
-- Password hash per "demo_yfm" ( bcrypt )
-- Il valore sotto è: demo_yfm -> bcrypt hash
INSERT INTO utente (id, email, password_hash, nome, cognome, ruolo, ruoli, workspace_id, is_active, is_superadmin, created_at)
VALUES (
  '00000000-0000-0000-0003-000000000001',
  'demo_yfm',
  '$2a$10$rSZHLwHqCqCmJKvKqKqKuOKqKqKqKqKqKqKqKqKqKqKqKqKqKqK', -- placeholder, da sostituire
  'Demo',
  'Allenatore',
  'allenatore',
  ARRAY['allenatore'],
  '00000000-0000-0000-0000-000000000001',
  true,
  false,
  NOW()
) ON CONFLICT (id) DO NOTHING;

-- ============================================
-- ISTRUZIONI:
-- 1. Esegui questo script nel SQL Editor di Supabase
-- 2. Verifica login con:
--    email: demo_yfm
--    password: demo_yfm
-- ============================================
